category,matched_keywords,answer_id,question_id,question_title,author_name,char_count,story_score,voteup_count,favorite_count,url,txt_file,json_file,sha256
01_悬疑惊悚,悬疑|恐怖|惊悚|灵异,90880089280,653336638,有什么好看的灵异、恐怖、悬疑、惊悚小说？,心情好,8706,0.97,242,72,https://www.zhihu.com/question/653336638/answer/90880089280,01_悬疑惊悚/90880089280_653336638.txt,01_悬疑惊悚/90880089280_653336638.json,846a6db1f05a71d76e4764409da8353842ddb18fa3a8ee6202c372efcfaa2e35
01_悬疑惊悚,悬疑|恐怖|惊悚|灵异,120071674958,653336638,有什么好看的灵异、恐怖、悬疑、惊悚小说？,九月金桂,5816,0.95,116,70,https://www.zhihu.com/question/653336638/answer/120071674958,01_悬疑惊悚/120071674958_653336638.txt,01_悬疑惊悚/120071674958_653336638.json,ed05cb452e42a0751f0e4a964bf404f15577c600f96c84961d33e52f22732b78
01_悬疑惊悚,恐怖|怪谈|规则怪谈,3354856516,605983664,有没有恐怖类的规则怪谈？,歌舞未央,5873,1.0,369,161,https://www.zhihu.com/question/605983664/answer/3354856516,01_悬疑惊悚/3354856516_605983664.txt,01_悬疑惊悚/3354856516_605983664.json,5616b93f06d35fba926e345b2d2bfbae20ee11102097310b2f2e0ab4e5e5fc87
01_悬疑惊悚,恐怖|怪谈|规则怪谈,3156414991,605983664,有没有恐怖类的规则怪谈？,我是安好,5726,1.0,202,135,https://www.zhihu.com/question/605983664/answer/3156414991,01_悬疑惊悚/3156414991_605983664.txt,01_悬疑惊悚/3156414991_605983664.json,8e1e2c93327d8b66b34b917e140f14b97fbeab8103a17038f8ffb50c6f1bbbec
01_悬疑惊悚,悬疑|惊悚|杀人,97642510225,346188028,有没有好看的惊悚悬疑小说？,黑心渣渣,5151,0.99,222,70,https://www.zhihu.com/question/346188028/answer/97642510225,01_悬疑惊悚/97642510225_346188028.txt,01_悬疑惊悚/97642510225_346188028.json,a75e311d8c299b55dcf5cc9dc037b9f217ca223aefe917c9a7477829dc0c5be7
01_悬疑惊悚,凶手|案件|破案,2352859143,388179662,有哪些案件是因为小细节破案的?,谁把我灯关了,5353,0.95,2480,545,https://www.zhihu.com/question/388179662/answer/2352859143,01_悬疑惊悚/2352859143_388179662.txt,01_悬疑惊悚/2352859143_388179662.json,84ee2900eaba44e69421fe7b76c08835ced04714e9f1a425152c38f7c8c5c03e
01_悬疑惊悚,凶手|案件|破案,2695000119,388179662,有哪些案件是因为小细节破案的?,九尾,6858,0.95,1220,157,https://www.zhihu.com/question/388179662/answer/2695000119,01_悬疑惊悚/2695000119_388179662.txt,01_悬疑惊悚/2695000119_388179662.json,56e83ee15b9e23bfe22666d64ff5a6e969f61df4df304edd39e129215a3956a2
01_悬疑惊悚,恐怖|杀人|案件,3341591390,40646841,最让你震惊的一宗杀人案件是什么？,案件手记,9985,0.9,1565,613,https://www.zhihu.com/question/40646841/answer/3341591390,01_悬疑惊悚/3341591390_40646841.txt,01_悬疑惊悚/3341591390_40646841.json,cca7aaebc0e0c70b648971c289899538a65252f7f05c4fe268328c8aa8fc3d5f
01_悬疑惊悚,杀人|案件|犯罪,2951498884,53467984,你听说过最残忍的杀人案件是什么？,八财,5291,0.9,128,193,https://www.zhihu.com/question/53467984/answer/2951498884,01_悬疑惊悚/2951498884_53467984.txt,01_悬疑惊悚/2951498884_53467984.json,76af2badb029114fd90c8982cddbd8ed656e7d134d9971d516121aed1decf076
01_悬疑惊悚,恐怖|诡异|灵异,3245201711,30051134,有没有好看的灵异恐怖小说推荐？,辰辰吖,8551,0.9,123,60,https://www.zhihu.com/question/30051134/answer/3245201711,01_悬疑惊悚/3245201711_30051134.txt,01_悬疑惊悚/3245201711_30051134.json,35e54e42a6cd0d70af116bd66d3eceae7c04894d3537271e4fe7264fb6a01421
01_悬疑惊悚,悬疑|杀人|案件,2032053343254746713,306793225,哪些真实案件可以拍成悬疑片？,凌泉,7651,0.9,110,55,https://www.zhihu.com/question/306793225/answer/2032053343254746713,01_悬疑惊悚/2032053343254746713_306793225.txt,01_悬疑惊悚/2032053343254746713_306793225.json,7cb418129f0154552c5fb6425bd4f6d62edc094583946e3a7ff55a7ecf265e85
01_悬疑惊悚,悬疑|凶手|案件,2482683964,306793225,哪些真实案件可以拍成悬疑片？,曼走庄园,5864,0.9,109,91,https://www.zhihu.com/question/306793225/answer/2482683964,01_悬疑惊悚/2482683964_306793225.txt,01_悬疑惊悚/2482683964_306793225.json,37bd9f3112625caeba10dffd624eaedcddbe78b550f1f50468d70960bc2707eb
01_悬疑惊悚,恐怖|惊悚,2146348325,21490596,你所经历过的最恐怖惊悚的故事是什么？,周德东,5918,1.0,2877,2627,https://www.zhihu.com/question/21490596/answer/2146348325,01_悬疑惊悚/2146348325_21490596.txt,01_悬疑惊悚/2146348325_21490596.json,f9f193170860669a59c13d0345ed6e2ab4c8ba4d4c16913aca5e99c61e48e8db
01_悬疑惊悚,恐怖|诡异,3182166326,287488662,有哪些中式恐怖（诡异）的传说？,般若,9137,1.0,2741,388,https://www.zhihu.com/question/287488662/answer/3182166326,01_悬疑惊悚/3182166326_287488662.txt,01_悬疑惊悚/3182166326_287488662.json,8b8f16973d469789565d7f9819a45e887cd58d58d36298147e85d52aa3ab722a
01_悬疑惊悚,恐怖|诡异,3168948734,287488662,有哪些中式恐怖（诡异）的传说？,蛮蛮蛮,5559,1.0,2688,1396,https://www.zhihu.com/question/287488662/answer/3168948734,01_悬疑惊悚/3168948734_287488662.txt,01_悬疑惊悚/3168948734_287488662.json,27c042acbcdf409c9ff45f0407ca071cb92db3da04d4036142a9bcf406c08078
01_悬疑惊悚,悬疑|细思极恐,3395736839,311306953,有哪些悬疑或者细思极恐的故事？,吐司生,5520,1.0,2253,321,https://www.zhihu.com/question/311306953/answer/3395736839,01_悬疑惊悚/3395736839_311306953.txt,01_悬疑惊悚/3395736839_311306953.json,cdbbb2f8b06dbd16a5f85237da1358670b4bc093614762aa61a3c958fcbf7285
01_悬疑惊悚,恐怖|惊悚,3249783615,21490596,你所经历过的最恐怖惊悚的故事是什么？,狐狐仙贝,5156,1.0,1887,933,https://www.zhihu.com/question/21490596/answer/3249783615,01_悬疑惊悚/3249783615_21490596.txt,01_悬疑惊悚/3249783615_21490596.json,79d653606b18ae2124ac515c1cafc368450c5a5e81f117a226dc1fc73c331452
01_悬疑惊悚,恐怖|细思极恐,3310419994,404865158,有没有很短且细思极恐的恐怖故事？,八十四骨,8450,1.0,1330,145,https://www.zhihu.com/question/404865158/answer/3310419994,01_悬疑惊悚/3310419994_404865158.txt,01_悬疑惊悚/3310419994_404865158.json,a377feb571cc7db084aa6fb55eaee6b0d50befcc8fadede7ea7db28ed2dd9de5
01_悬疑惊悚,恐怖|细思极恐,3213708308,404865158,有没有很短且细思极恐的恐怖故事？,御九,9630,1.0,1257,141,https://www.zhihu.com/question/404865158/answer/3213708308,01_悬疑惊悚/3213708308_404865158.txt,01_悬疑惊悚/3213708308_404865158.json,f1a6d2e5291308fa9e370b1495e08a92dea60b4690333eb11a95fe837beba034
01_悬疑惊悚,恐怖|灵异,3332492041,604399080,有什么恐怖的民间灵异故事？,木吉更,8981,1.0,932,289,https://www.zhihu.com/question/604399080/answer/3332492041,01_悬疑惊悚/3332492041_604399080.txt,01_悬疑惊悚/3332492041_604399080.json,bd558191601c9b38f93ba2f7ab154c856ae40dd1cc17e34f417aa63fc0bf73d9
01_悬疑惊悚,悬疑|细思极恐,3320233392,593522493,有没有什么细思极恐的悬疑故事?,余冬生,5154,1.0,630,150,https://www.zhihu.com/question/593522493/answer/3320233392,01_悬疑惊悚/3320233392_593522493.txt,01_悬疑惊悚/3320233392_593522493.json,911f4b9ea793fdce6b365e1857bec0fa18a86ee494bdd3d83fd69f7f59585a34
01_悬疑惊悚,悬疑|细思极恐,3179639023,311306953,有哪些悬疑或者细思极恐的故事？,来时雨,8028,1.0,593,140,https://www.zhihu.com/question/311306953/answer/3179639023,01_悬疑惊悚/3179639023_311306953.txt,01_悬疑惊悚/3179639023_311306953.json,32d1a3ed3cf1934e6911e95434fae99e2940f209e2b0272ffdc1d4d55c81ae2c
01_悬疑惊悚,凶手|杀人,2543931977,467581606,你在家里窗户目睹了对面单元楼窗户一个人杀人，但凶手发现你了还发出瘆人的微笑。以这为开头如何写故事？,浮阳北小豆,5005,1.0,575,272,https://www.zhihu.com/question/467581606/answer/2543931977,01_悬疑惊悚/2543931977_467581606.txt,01_悬疑惊悚/2543931977_467581606.json,7f8b1c79a0120e6e59e60ac4d60eecb3e72ef11544fa675495b2c31d81822f01
01_悬疑惊悚,恐怖|灵异,1905390684397077347,604399080,有什么恐怖的民间灵异故事？,荔枝汽水水,5661,1.0,451,247,https://www.zhihu.com/question/604399080/answer/1905390684397077347,01_悬疑惊悚/1905390684397077347_604399080.txt,01_悬疑惊悚/1905390684397077347_604399080.json,82cf6d0f4dcf6459dde19ec2afb0b002c5c41b6e2906cb4a76824831271f9a9d
01_悬疑惊悚,恐怖|灵异,3258587073,30051134,有没有好看的灵异恐怖小说推荐？,肉眼凡胎,8166,1.0,436,277,https://www.zhihu.com/question/30051134/answer/3258587073,01_悬疑惊悚/3258587073_30051134.txt,01_悬疑惊悚/3258587073_30051134.json,bfa2cd0632d3aea8f407fa28ac595b7c09c0ff3cf0d27dffcf456d63a2822f3b
01_悬疑惊悚,悬疑|推理,3400834693,548390650,求一个极具反转的悬疑推理故事?,哼哈小妙,8490,1.0,228,83,https://www.zhihu.com/question/548390650/answer/3400834693,01_悬疑惊悚/3400834693_548390650.txt,01_悬疑惊悚/3400834693_548390650.json,77f8ca01c6c47be27bdde3b3cc06a2bba1a5a56e101c5fec8eeae30a1bcc2725
01_悬疑惊悚,悬疑|推理,3007134236,548390650,求一个极具反转的悬疑推理故事?,豆子豆子,9394,1.0,132,42,https://www.zhihu.com/question/548390650/answer/3007134236,01_悬疑惊悚/3007134236_548390650.txt,01_悬疑惊悚/3007134236_548390650.json,ec6e7ad51e95153587c081a6f87c10d0db20c4cda31dd29eec8a5947425e260f
01_悬疑惊悚,怪谈|规则怪谈,3320886683,578459607,有哪些有创意一点的规则怪谈？,我爱帽子,5825,1.0,16,13,https://www.zhihu.com/question/578459607/answer/3320886683,01_悬疑惊悚/3320886683_578459607.txt,01_悬疑惊悚/3320886683_578459607.json,ac339326154c8d1597981fa4725307ec9c6da679ce5e26cc9ed5b52016298acc
01_悬疑惊悚,怪谈|规则怪谈,3293564122,578459607,有哪些有创意一点的规则怪谈？,星星失眠,8327,1.0,8,7,https://www.zhihu.com/question/578459607/answer/3293564122,01_悬疑惊悚/3293564122_578459607.txt,01_悬疑惊悚/3293564122_578459607.json,bcb2abe354fae8a4f60f27276c825db67f80522dd4752b139c58d4a88604d007
01_悬疑惊悚,悬疑|恐怖,2357854849,485980049,有没有什么恐怖悬疑的小故事？,唐河,9980,0.99,760,655,https://www.zhihu.com/question/485980049/answer/2357854849,01_悬疑惊悚/2357854849_485980049.txt,01_悬疑惊悚/2357854849_485980049.json,0409182fc1cf0bf30aaa4fdcd3de6ff99a387963fad46d88aa746bf68824f4c8
01_悬疑惊悚,悬疑|惊悚,96817414310,346188028,有没有好看的惊悚悬疑小说？,长了四颗智齿,5001,0.99,678,555,https://www.zhihu.com/question/346188028/answer/96817414310,01_悬疑惊悚/96817414310_346188028.txt,01_悬疑惊悚/96817414310_346188028.json,35764e1fa165d15d3b29bf83dcb9ec2e3564f1a95138d01d443e86ce4edc52aa
01_悬疑惊悚,悬疑|恐怖,2145279208,485980049,有没有什么恐怖悬疑的小故事？,鸽子不咕,7512,0.99,211,85,https://www.zhihu.com/question/485980049/answer/2145279208,01_悬疑惊悚/2145279208_485980049.txt,01_悬疑惊悚/2145279208_485980049.json,eaf9bde59ab1b7002309658e1b97ca0b4a5354dbd452a160509becbed48c9249
01_悬疑惊悚,悬疑|恐怖,2476214102,394712602,可以推荐一下恐怖/悬疑小说吗？,百里岁岁,5545,0.98,113,47,https://www.zhihu.com/question/394712602/answer/2476214102,01_悬疑惊悚/2476214102_394712602.txt,01_悬疑惊悚/2476214102_394712602.json,e68b907face43ab096d0de5151ebdc872711656b604fdcc181bbba4da8c88914
01_悬疑惊悚,悬疑|推理,2044410871426897017,324940149,能不能推荐一下古言推理悬疑小说？,烟花三月,5439,0.97,5012,2443,https://www.zhihu.com/question/324940149/answer/2044410871426897017,01_悬疑惊悚/2044410871426897017_324940149.txt,01_悬疑惊悚/2044410871426897017_324940149.json,10779fa927c65724a522a531ed462f7e5a209b17d9a3792b13b6db8404ccb971
01_悬疑惊悚,悬疑|恐怖,3415217978,24018589,有什么让人看上头的恐怖悬疑文？,嘟嘟,9235,0.97,338,106,https://www.zhihu.com/question/24018589/answer/3415217978,01_悬疑惊悚/3415217978_24018589.txt,01_悬疑惊悚/3415217978_24018589.json,ab164b9f4bbb8da0e1f8dc4ad3dc609d14bc8194080498a4259f3498594e3c0e
01_悬疑惊悚,悬疑|细思极恐,3500612005,593522493,有没有什么细思极恐的悬疑故事?,一二三,8733,0.95,2398,615,https://www.zhihu.com/question/593522493/answer/3500612005,01_悬疑惊悚/3500612005_593522493.txt,01_悬疑惊悚/3500612005_593522493.json,ec6e3104086bd38f452c49ad7dd8611085450ae675344f236c4a6b9602581968
01_悬疑惊悚,恐怖|惊悚,1826481241,431630171,你听过的最恐怖惊悚的故事是什么？,笙眠,9219,0.95,1518,711,https://www.zhihu.com/question/431630171/answer/1826481241,01_悬疑惊悚/1826481241_431630171.txt,01_悬疑惊悚/1826481241_431630171.json,b8d6da95d918326d0b7d6ca295b03b5a415193c1eea4ccd08ef302d7dc2b3cd6
01_悬疑惊悚,杀人|案件,1938160249229017659,40646841,最让你震惊的一宗杀人案件是什么？,黔云悠悠,6264,0.95,839,483,https://www.zhihu.com/question/40646841/answer/1938160249229017659,01_悬疑惊悚/1938160249229017659_40646841.txt,01_悬疑惊悚/1938160249229017659_40646841.json,a6236d5d880f688d169b2e8f27f8fcfdc9ec3fc5f3bd145050cf831ff6364e06
01_悬疑惊悚,怪谈|规则怪谈,3252229604,574110271,有没有质量特别高的规则怪谈?,惊人院,8825,0.95,500,603,https://www.zhihu.com/question/574110271/answer/3252229604,01_悬疑惊悚/3252229604_574110271.txt,01_悬疑惊悚/3252229604_574110271.json,e2885965a8fa54ece8a8ddfc3643d08610835d8e5f0aa14fbefc3a1e1c189b47
01_悬疑惊悚,恐怖|惊悚,2670161246,431630171,你听过的最恐怖惊悚的故事是什么？,乌鸦鸦,8376,0.95,447,596,https://www.zhihu.com/question/431630171/answer/2670161246,01_悬疑惊悚/2670161246_431630171.txt,01_悬疑惊悚/2670161246_431630171.json,808dc9e064fd76303f39600d5c3d11ab78a6c7f99327b26ec7dbe42c42267272
01_悬疑惊悚,怪谈|规则怪谈,3178631335,574110271,有没有质量特别高的规则怪谈?,鱼糯糯,9774,0.95,422,196,https://www.zhihu.com/question/574110271/answer/3178631335,01_悬疑惊悚/3178631335_574110271.txt,01_悬疑惊悚/3178631335_574110271.json,ecb3955f050bf1a8cd88f930d195a275fd7669d93e153ac5ec6d4bc4bf4b1976
01_悬疑惊悚,杀人|案件,2530672184,53467984,你听说过最残忍的杀人案件是什么？,欧阳十三,8885,0.9,3126,3931,https://www.zhihu.com/question/53467984/answer/2530672184,01_悬疑惊悚/2530672184_53467984.txt,01_悬疑惊悚/2530672184_53467984.json,453f652649a63cbe45fe90e47b0b30f52025fb34abcf8b4b6b748d6579d305cb
01_悬疑惊悚,凶手|案件|诡异|犯罪,1309074118,36369210,有没有你知道的很离奇的真实案件？,桥东里,9831,0.9,2427,931,https://www.zhihu.com/question/36369210/answer/1309074118,01_悬疑惊悚/1309074118_36369210.txt,01_悬疑惊悚/1309074118_36369210.json,f6c72f4a5f6b32cb00f35c507abbd06b1f05d6caffc9a814d0629c4d9127dd91
01_悬疑惊悚,惊悚|案件,2914677844,582066263,你听过最惊悚吓人的案件是什么？,九尾,7297,0.9,2133,500,https://www.zhihu.com/question/582066263/answer/2914677844,01_悬疑惊悚/2914677844_582066263.txt,01_悬疑惊悚/2914677844_582066263.json,866553abf1ce865d58c7cfeb1f4f42293c6e31ecec0bf919f04021f9c0646d95
01_悬疑惊悚,恐怖|密室,930047164,323305030,恐怖型的真人密室逃脱有多可怕？,闲事白茶,5718,0.9,558,253,https://www.zhihu.com/question/323305030/answer/930047164,01_悬疑惊悚/930047164_323305030.txt,01_悬疑惊悚/930047164_323305030.json,0b1c87009f36e488a25ab1b48e5ffa0e14ea7149c6b7f6bfbaff6c63d076a172
01_悬疑惊悚,灵异|细思极恐,3228044236,408896373,南京有哪些细思极恐的灵异事件？,一只羊,5855,0.9,113,9,https://www.zhihu.com/question/408896373/answer/3228044236,01_悬疑惊悚/3228044236_408896373.txt,01_悬疑惊悚/3228044236_408896373.json,cb7b4c223070bcca6eb3041eece63abcf30e322d86e18aa030b1d12008eb6f7e
01_悬疑惊悚,推理|恐怖|细思极恐,1281662531,371809887,有什么巨短却超级吓人的恐怖故事？,御宅动漫头像,7689,1.0,1618,389,https://www.zhihu.com/question/371809887/answer/1281662531,01_悬疑惊悚/1281662531_371809887.txt,01_悬疑惊悚/1281662531_371809887.json,d7a75301ef8770495569af5cf41d24de2a5002fd69490b00c9bd1ea9a6e5380b
01_悬疑惊悚,悬疑|凶手|杀人,2281896448,49361114,有哪些好看的悬疑小说？,鸽子不咕,8054,1.0,321,233,https://www.zhihu.com/question/49361114/answer/2281896448,01_悬疑惊悚/2281896448_49361114.txt,01_悬疑惊悚/2281896448_49361114.json,b0c616900619572723c20b4ae549e8afea4ae704ac2d52f23c8dcbd0931a8213
01_悬疑惊悚,凶手|案件|诡异,1954536893610959094,36369210,有没有你知道的很离奇的真实案件？,阿诡,7522,1.0,233,166,https://www.zhihu.com/question/36369210/answer/1954536893610959094,01_悬疑惊悚/1954536893610959094_36369210.txt,01_悬疑惊悚/1954536893610959094_36369210.json,6b5bd7dbe9a520855545a5f6bfc1af2b93f9fb281e265e974c084c596710b40e
01_悬疑惊悚,恐怖|诡异|细思极恐,2848777731,341853672,有什么样的反转小故事让你细思极恐？,九先生,6375,1.0,148,195,https://www.zhihu.com/question/341853672/answer/2848777731,01_悬疑惊悚/2848777731_341853672.txt,01_悬疑惊悚/2848777731_341853672.json,600e61439c119f066a0df3d18ca411c51bb92c8ad300212778bccc8e699079d6
01_悬疑惊悚,悬疑|杀人|案件,3415735883,49361114,有哪些好看的悬疑小说？,尘念,8626,1.0,136,20,https://www.zhihu.com/question/49361114/answer/3415735883,01_悬疑惊悚/3415735883_49361114.txt,01_悬疑惊悚/3415735883_49361114.json,e96adf1445fb9d118913c0e5a7effa33429451c55f706b54c080a08a3610890d
01_悬疑惊悚,凶手|案件|犯罪,2190748549,378647766,世界上真的存在完美犯罪吗？,一座江大桥,9312,0.95,507,316,https://www.zhihu.com/question/378647766/answer/2190748549,01_悬疑惊悚/2190748549_378647766.txt,01_悬疑惊悚/2190748549_378647766.json,c70f957c3f3eb6eab71c336b29cb1f36dc99aa77de3d3a87ae6b05aafdae1111
01_悬疑惊悚,凶手|杀人|细思极恐,2495142733,341853672,有什么样的反转小故事让你细思极恐？,火柴盒,9214,0.9,1263,1198,https://www.zhihu.com/question/341853672/answer/2495142733,01_悬疑惊悚/2495142733_341853672.txt,01_悬疑惊悚/2495142733_341853672.json,96fe0acbd488bb89d0a2ac5c9d51ff8bcda2aea92ef5ceefb212f0e915ccafde
01_悬疑惊悚,恐怖|诡异,2423151728,317945181,有什么让人听了背脊发凉的恐怖故事？,吃西瓜不吐西瓜皮,6080,1.0,2652,2738,https://www.zhihu.com/question/317945181/answer/2423151728,01_悬疑惊悚/2423151728_317945181.txt,01_悬疑惊悚/2423151728_317945181.json,3bc787c063ab0808d024eff90bd6e26d24c122c88b9e3e9aae2d9a5726ae9c16
01_悬疑惊悚,恐怖|杀人,2270110130,317945181,有什么让人听了背脊发凉的恐怖故事？,怪奇异闻录,8035,1.0,1383,681,https://www.zhihu.com/question/317945181/answer/2270110130,01_悬疑惊悚/2270110130_317945181.txt,01_悬疑惊悚/2270110130_317945181.json,86e5c20ddc31dfe7a59873a395018a01f91745a90704ee3344556030184684de
01_悬疑惊悚,恐怖|诡异,685105245,323305666,你有哪些真实的恐怖故事？,一只鱼的传说,5706,1.0,1337,469,https://www.zhihu.com/question/323305666/answer/685105245,01_悬疑惊悚/685105245_323305666.txt,01_悬疑惊悚/685105245_323305666.json,a0acd762edbd4ea650974639f34ea6d750fcfd3137117c81ddf6511a1995b71c
01_悬疑惊悚,恐怖|杀人,3435171596,644639395,假如你穿进恐怖游戏里，你要怎么活下去？,妄想症,8955,1.0,1060,387,https://www.zhihu.com/question/644639395/answer/3435171596,01_悬疑惊悚/3435171596_644639395.txt,01_悬疑惊悚/3435171596_644639395.json,84074729535a46de7e1ed8ad9434d22338adca8ba75458574ca1317730926b8c
01_悬疑惊悚,灵异|怪谈,3390051079,350834109,有什么让人脊背发凉的灵异经历/故事？,寻真知,5315,1.0,880,414,https://www.zhihu.com/question/350834109/answer/3390051079,01_悬疑惊悚/3390051079_350834109.txt,01_悬疑惊悚/3390051079_350834109.json,b0ee6d462352ff9bed450f5fc6e10ae1986f4ff983d0618b4ada456861d2d8df
01_悬疑惊悚,恐怖|杀人,3151657257,456100334,你听过最恐怖故事是什么？,赫尔墨斯,5187,1.0,805,499,https://www.zhihu.com/question/456100334/answer/3151657257,01_悬疑惊悚/3151657257_456100334.txt,01_悬疑惊悚/3151657257_456100334.json,b17555a5dcbee573acc597ee6d9db1d19d9b0206497928142a2d51c211b13f05
01_悬疑惊悚,恐怖|命案,2580549416,284620593,高智商罪犯恐怖到什么程度？,毒糖海龟汤,7224,1.0,515,615,https://www.zhihu.com/question/284620593/answer/2580549416,01_悬疑惊悚/2580549416_284620593.txt,01_悬疑惊悚/2580549416_284620593.json,1f2214ecf8d81364bbfed03951f98195ccb7f7a4ba5b4d98cdfc380bcffbb998
01_悬疑惊悚,惊悚|怪谈,2640816493,504062991,有什么比较好的规则类怪谈吗？,呵呵黄黄,5093,1.0,511,620,https://www.zhihu.com/question/504062991/answer/2640816493,01_悬疑惊悚/2640816493_504062991.txt,01_悬疑惊悚/2640816493_504062991.json,910b25256ceba44496f19f5f3f215f0dcf6c015e69d508f4611738af13fa28a6
01_悬疑惊悚,恐怖|杀人,3433407559,647292412,在恐怖游戏里做团宠是一种怎样的体验？,睡不着的羊,9885,1.0,503,163,https://www.zhihu.com/question/647292412/answer/3433407559,01_悬疑惊悚/3433407559_647292412.txt,01_悬疑惊悚/3433407559_647292412.json,5bca9b4d5e6fc70e20ee83d4c892e74263643a3dcfb661667a69b5c7b0bc2987
01_悬疑惊悚,惊悚|杀人,2623579626,302603618,你遇到过最惊悚的事情是什么？,乌鸦鸦,7905,1.0,327,562,https://www.zhihu.com/question/302603618/answer/2623579626,01_悬疑惊悚/2623579626_302603618.txt,01_悬疑惊悚/2623579626_302603618.json,410cd7ede045bac860eb2b26a556982f0a3c76d1bc05e3943bee26a3d872acf5
01_悬疑惊悚,恐怖|杀人,2401185062,476109871,有没有什么细思恐极的恐怖故事？,是小白菜呀,8740,1.0,305,1522,https://www.zhihu.com/question/476109871/answer/2401185062,01_悬疑惊悚/2401185062_476109871.txt,01_悬疑惊悚/2401185062_476109871.json,ca097bc60eb88b22027ebd2bc65175bc323993555fbe8d9dfbb8658775b8ed0d
01_悬疑惊悚,恐怖|诡异,2735817301,284620593,高智商罪犯恐怖到什么程度？,九宫格,6863,1.0,252,278,https://www.zhihu.com/question/284620593/answer/2735817301,01_悬疑惊悚/2735817301_284620593.txt,01_悬疑惊悚/2735817301_284620593.json,89bd644c016877db097ea990c7910d6c319ca6ed15cd35baacdfbc176bfe8779
01_悬疑惊悚,恐怖|诡异,3546752413,352776383,你见过最恐怖的事是什么？,溏心小肉粽,9922,1.0,242,21,https://www.zhihu.com/question/352776383/answer/3546752413,01_悬疑惊悚/3546752413_352776383.txt,01_悬疑惊悚/3546752413_352776383.json,5acd0dfdec4336e68c3c9c1128f5395f4785d332d3502cd9744e47f880ca1696
01_悬疑惊悚,恐怖|杀人,2736012779,301777323,有没有什么特别恐怖的鬼故事？,橘子树下的月亮,9358,1.0,228,273,https://www.zhihu.com/question/301777323/answer/2736012779,01_悬疑惊悚/2736012779_301777323.txt,01_悬疑惊悚/2736012779_301777323.json,8a6d4c7368c8d9b596ae479d75a1f6a7246cac8a1c938ef6e60e1a7d91b71f51
01_悬疑惊悚,恐怖|诡异,2661708760,287860022,有哪些恐怖到极致的故事?,送你一朵小红花,5142,1.0,166,269,https://www.zhihu.com/question/287860022/answer/2661708760,01_悬疑惊悚/2661708760_287860022.txt,01_悬疑惊悚/2661708760_287860022.json,07e9b2a14fa99c1478add22a4bd538757a9902b6e6b708a0c353dac2370f1d7d
01_悬疑惊悚,恐怖|灵异,3112444789,325336692,有没有关于人性的恐怖民间故事？,蛮蛮蛮,5170,1.0,131,107,https://www.zhihu.com/question/325336692/answer/3112444789,01_悬疑惊悚/3112444789_325336692.txt,01_悬疑惊悚/3112444789_325336692.json,006d6cf0730ca0caca6ed346a2c37c3287dd90d963923e22c107ca005122aeff
01_悬疑惊悚,案件|细思极恐,1958563380441900905,316084710,有哪些细思极恐的案子？,十月,9425,1.0,117,30,https://www.zhihu.com/question/316084710/answer/1958563380441900905,01_悬疑惊悚/1958563380441900905_316084710.txt,01_悬疑惊悚/1958563380441900905_316084710.json,1cf1cf493dc58d2a72d3046e22883951b3b5b5a7248fdf248404639ad5f78c37
01_悬疑惊悚,诡异|灵异,3042501832,419328419,民间有哪些灵异禁忌？,杨道长,8057,1.0,111,59,https://www.zhihu.com/question/419328419/answer/3042501832,01_悬疑惊悚/3042501832_419328419.txt,01_悬疑惊悚/3042501832_419328419.json,eb5f7ab5b151c500a4081ccffee87fec4ac2bf5497a2f681b5a35a09fbcbb769
01_悬疑惊悚,悬疑|凶手,3487443787,507265464,有没有精彩反转的悬疑故事？,紫辰,5304,1.0,101,62,https://www.zhihu.com/question/507265464/answer/3487443787,01_悬疑惊悚/3487443787_507265464.txt,01_悬疑惊悚/3487443787_507265464.json,01814669196a7daf0a3d8298e848140e8b95c1ef85dadb4e14bc8ac7f432f933
01_悬疑惊悚,恐怖|杀人,1773029128,419473836,可以分享一个让你毛骨悚然的恐怖故事吗？,叶叶,9753,0.99,783,412,https://www.zhihu.com/question/419473836/answer/1773029128,01_悬疑惊悚/1773029128_419473836.txt,01_悬疑惊悚/1773029128_419473836.json,d0201af888dd6cf61cc57e4ecb5bfc21c5bc7abe74794d5fb896740c64deedd8
01_悬疑惊悚,恐怖|诡异,2523464458,419473836,可以分享一个让你毛骨悚然的恐怖故事吗？,十四夜,9150,0.99,655,362,https://www.zhihu.com/question/419473836/answer/2523464458,01_悬疑惊悚/2523464458_419473836.txt,01_悬疑惊悚/2523464458_419473836.json,82e3dcdd97b7471939dd43332f3e434f4364997d20a4a7884fbd7285e9742d10
01_悬疑惊悚,恐怖|惊悚,3432829319,645182714,穿进恐怖游戏，却以为是恋爱乙游，抱着男主叫老公会怎么样？,哈哈,5096,0.97,1448,1134,https://www.zhihu.com/question/645182714/answer/3432829319,01_悬疑惊悚/3432829319_645182714.txt,01_悬疑惊悚/3432829319_645182714.json,21507f0b4362fa49e4175f7c003112f2a11a8406899229fd91c11792c0bf9854
01_悬疑惊悚,恐怖|惊悚,3568962671,345814299,你听过最恐怖的事是什么？,李上洲,5392,0.95,14961,14054,https://www.zhihu.com/question/345814299/answer/3568962671,01_悬疑惊悚/3568962671_345814299.txt,01_悬疑惊悚/3568962671_345814299.json,712015fd493e9e729177c61e71e6bf6e441af8d4753c85eee8be71c2f17589e7
01_悬疑惊悚,悬疑|案件,2579271280,532012123,有哪些好看的悬疑凶杀案小说？,黄金脆皮玉,6226,0.95,4121,5534,https://www.zhihu.com/question/532012123/answer/2579271280,01_悬疑惊悚/2579271280_532012123.txt,01_悬疑惊悚/2579271280_532012123.json,1f7b5fa57cf0c8fb4ceb386678341db66c72bf53b21802b1cfd5f81d5f9ca54c
01_悬疑惊悚,恐怖|惊悚,3425823421,645182714,穿进恐怖游戏，却以为是恋爱乙游，抱着男主叫老公会怎么样？,青山小野,8040,0.95,3018,2342,https://www.zhihu.com/question/645182714/answer/3425823421,01_悬疑惊悚/3425823421_645182714.txt,01_悬疑惊悚/3425823421_645182714.json,943e6cb7ad91d248cc902e39e0e28dfb8c3566cc327affe60b56bf5b8ed86908
01_悬疑惊悚,恐怖|凶手,2863848812,31172239,大家都有过什么恐怖经历？,推理档案馆,5565,0.95,638,354,https://www.zhihu.com/question/31172239/answer/2863848812,01_悬疑惊悚/2863848812_31172239.txt,01_悬疑惊悚/2863848812_31172239.json,dd94014b77e9f3ea35f84b6915a19aa1c34404880d4f06e42cf52e846e14fd7c
01_悬疑惊悚,诡异|怪谈,3184910425,532977199,有哪些高质量规则类怪谈?,哲折,9260,0.95,615,519,https://www.zhihu.com/question/532977199/answer/3184910425,01_悬疑惊悚/3184910425_532977199.txt,01_悬疑惊悚/3184910425_532977199.json,181e1b4e1e71faad8ee3edfd909a44c1618716a59e5c29e3b9cb204c77583891
01_悬疑惊悚,恐怖|犯罪,107051431766,378647766,世界上真的存在完美犯罪吗？,老坛衫菜,5184,0.95,347,245,https://www.zhihu.com/question/378647766/answer/107051431766,01_悬疑惊悚/107051431766_378647766.txt,01_悬疑惊悚/107051431766_378647766.json,4e75ce66541a3fc6cf46af75d31b19b7f40de56c91b5557abafaecc4a6fad6b5
01_悬疑惊悚,悬疑|案件,3312955606,532012123,有哪些好看的悬疑凶杀案小说？,姜早早,5247,0.95,280,177,https://www.zhihu.com/question/532012123/answer/3312955606,01_悬疑惊悚/3312955606_532012123.txt,01_悬疑惊悚/3312955606_532012123.json,32cb8577addf83ac9a34893a1f207bb276011c307c71436961e10b7dfe27654b
01_悬疑惊悚,恐怖|怪谈,3054015571,532977199,有哪些高质量规则类怪谈?,知乎用户TcHChl,5539,0.95,253,183,https://www.zhihu.com/question/532977199/answer/3054015571,01_悬疑惊悚/3054015571_532977199.txt,01_悬疑惊悚/3054015571_532977199.json,5aa856256d8acae970ec349701462ebf123b02b191ac960ff7d1593a0147c0f6
01_悬疑惊悚,恐怖|怪谈,3416441154,639041156,穿进恐怖游戏，把要杀你的鬼当成恋爱对象是什么体验？,树胡,8042,0.95,186,94,https://www.zhihu.com/question/639041156/answer/3416441154,01_悬疑惊悚/3416441154_639041156.txt,01_悬疑惊悚/3416441154_639041156.json,45fd3ce97ca158d70ad25c66bb03857d39216a2cbb988ac45c59482f3ab15c27
01_悬疑惊悚,恐怖|诡异,3473879656,639041156,穿进恐怖游戏，把要杀你的鬼当成恋爱对象是什么体验？,尔尔,9457,0.95,146,84,https://www.zhihu.com/question/639041156/answer/3473879656,01_悬疑惊悚/3473879656_639041156.txt,01_悬疑惊悚/3473879656_639041156.json,088dbca256821b9cbf6b7208c60b909adf25419aeb661f38dfe93114002b1dd6
01_悬疑惊悚,恐怖|杀人,3444205506,648409521,假如穿进恐怖游戏，有没有可能跟到处砍人的npc相亲相爱、和平共处？,你要不要吃番茄啊,6852,0.95,109,71,https://www.zhihu.com/question/648409521/answer/3444205506,01_悬疑惊悚/3444205506_648409521.txt,01_悬疑惊悚/3444205506_648409521.json,0a4cab32da4be0df1dc72f9c535e05bc95dba8d53a24e356f503700a5d256165
01_悬疑惊悚,恐怖|诡异,30131898258,345814299,你听过最恐怖的事是什么？,田穆,6196,0.9,958,905,https://www.zhihu.com/question/345814299/answer/30131898258,01_悬疑惊悚/30131898258_345814299.txt,01_悬疑惊悚/30131898258_345814299.json,d6fc68a7802856ca3d2882beca96e86897f8a4610130d722b4426c183721c6a3
01_悬疑惊悚,惊悚|诡异,2662828559,302603618,你遇到过最惊悚的事情是什么？,翡翠登顶,9365,0.9,849,1057,https://www.zhihu.com/question/302603618/answer/2662828559,01_悬疑惊悚/2662828559_302603618.txt,01_悬疑惊悚/2662828559_302603618.json,a23d0e4d92b990429c765571d9043a1c81933d502d8de15f656f8feb2ff929cd
01_悬疑惊悚,恐怖|灵异,3244430281,419328419,民间有哪些灵异禁忌？,赫尔墨斯,5907,0.9,698,241,https://www.zhihu.com/question/419328419/answer/3244430281,01_悬疑惊悚/3244430281_419328419.txt,01_悬疑惊悚/3244430281_419328419.json,c31abac7c7d43482f8c7c52b82eeedea6217e7a7c3881c12660cf3eaf357a0b5
01_悬疑惊悚,案件|灵异,1619508037,297340933,现实中发生过什么真实又特别变态、骇人听闻的案件？,大马猴,5904,0.9,612,206,https://www.zhihu.com/question/297340933/answer/1619508037,01_悬疑惊悚/1619508037_297340933.txt,01_悬疑惊悚/1619508037_297340933.json,7cf714dab879ad14d90486e478ed2d036a1a99d1377ab57635ea1937724d344f
01_悬疑惊悚,恐怖|杀人,2657261939,534844897,如何以「我怀疑，我是恐怖小说的NPC」为开头写一篇文？,浮槐,8764,0.9,445,534,https://www.zhihu.com/question/534844897/answer/2657261939,01_悬疑惊悚/2657261939_534844897.txt,01_悬疑惊悚/2657261939_534844897.json,867ff133b50959c1bdad33a110ba62e1fc022b2406e10569547f07d28dd3d00c
01_悬疑惊悚,诡异|灵异,3454287550,465702844,能不能给我讲一个真实的灵异事件？,凛凛,8302,0.9,404,133,https://www.zhihu.com/question/465702844/answer/3454287550,01_悬疑惊悚/3454287550_465702844.txt,01_悬疑惊悚/3454287550_465702844.json,4cd5566d33638a0c414ab4cf521894b52361fd4d557dcca8c715072b813c395e
01_悬疑惊悚,恐怖|凶手,75175163869,476109871,有没有什么细思恐极的恐怖故事？,阿温布衣,8025,0.88,724,276,https://www.zhihu.com/question/476109871/answer/75175163869,01_悬疑惊悚/75175163869_476109871.txt,01_悬疑惊悚/75175163869_476109871.json,75626c3c2d7e18ff092f82b6f947eba4b48747c6a0bc9d7d12209df548f0f3a5
01_悬疑惊悚,恐怖,2678905181,456100334,你听过最恐怖故事是什么？,司隶江麟,5585,1.0,7398,6288,https://www.zhihu.com/question/456100334/answer/2678905181,01_悬疑惊悚/2678905181_456100334.txt,01_悬疑惊悚/2678905181_456100334.json,bb57940c903c65babdc9b0c39006b53a59f30efdbaa15d3e290c4e778888585a
01_悬疑惊悚,恐怖,3209575569,454282020,你有什么恐怖的亲身经历嘛？,怪奇异闻录,5593,1.0,2720,1130,https://www.zhihu.com/question/454282020/answer/3209575569,01_悬疑惊悚/3209575569_454282020.txt,01_悬疑惊悚/3209575569_454282020.json,b2eca1dbb36083758e28667dca36e80bf2d70b5069e58b05da5bd779a7425676
01_悬疑惊悚,推理,254092747,37248069,有哪些令人拍案叫绝的推理桥段？,匿名用户,6875,1.0,2708,165,https://www.zhihu.com/question/37248069/answer/254092747,01_悬疑惊悚/254092747_37248069.txt,01_悬疑惊悚/254092747_37248069.json,7b40ec1e2c8f69a47603fd5ddc37e774f5311ac921e6d7862decd2d6484f173c
01_悬疑惊悚,灵异,3332490567,276324647,你都听到过哪些灵异故事？,木吉更,8981,1.0,2700,498,https://www.zhihu.com/question/276324647/answer/3332490567,01_悬疑惊悚/3332490567_276324647.txt,01_悬疑惊悚/3332490567_276324647.json,bd558191601c9b38f93ba2f7ab154c856ae40dd1cc17e34f417aa63fc0bf73d9
01_悬疑惊悚,杀人,763541117,335111995,假设你是一个女孩，在一间屋子里，此时你的床底下有一个杀人犯，你该怎样逃脱?,方舟律师,6862,1.0,2663,997,https://www.zhihu.com/question/335111995/answer/763541117,01_悬疑惊悚/763541117_335111995.txt,01_悬疑惊悚/763541117_335111995.json,61a10b66dc5046e04ad1c8361ecb6f16b1147eaeb02b70c3aabb6f432775107f
01_悬疑惊悚,推理,239653266,37248069,有哪些令人拍案叫绝的推理桥段？,匿名用户,5036,1.0,2260,246,https://www.zhihu.com/question/37248069/answer/239653266,01_悬疑惊悚/239653266_37248069.txt,01_悬疑惊悚/239653266_37248069.json,cde7fa0432e74a5c734699152fe6e2dff575002ac88dd1db512584b5d7269860
01_悬疑惊悚,恐怖,2922381339,358162586,有没有什么吓人的恐怖故事？,白小慕,9678,1.0,2021,410,https://www.zhihu.com/question/358162586/answer/2922381339,01_悬疑惊悚/2922381339_358162586.txt,01_悬疑惊悚/2922381339_358162586.json,c57dde30c47356d79cb3bcad976a9612adef4540d469d366734bcb7c30867495
02_古风仙侠,皇帝|后宫,1477070115,52992276,当后宫争宠时，皇帝在想什么？,云刀,8704,1.0,4521,1913,https://www.zhihu.com/question/52992276/answer/1477070115,02_古风仙侠/1477070115_52992276.txt,02_古风仙侠/1477070115_52992276.json,1ae2b72da55c7563c6c54ac1fcf2a8f78bd42b993c84f70f81e8d2a11314a775
02_古风仙侠,古言|皇帝|皇后|后宫,3358861433,497298931,有什么女主比较佛系，高质量的古言推荐？,三生倖,5132,1.0,763,114,https://www.zhihu.com/question/497298931/answer/3358861433,02_古风仙侠/3358861433_497298931.txt,02_古风仙侠/3358861433_497298931.json,3b914c69108861637f07e80fbde3f31408761009ade521970def4c50a7ae8923
02_古风仙侠,皇帝|后宫,1487578662,52992276,当后宫争宠时，皇帝在想什么？,每天读点故事,5447,1.0,456,282,https://www.zhihu.com/question/52992276/answer/1487578662,02_古风仙侠/1487578662_52992276.txt,02_古风仙侠/1487578662_52992276.json,d2c7d9e2a2cac99f54598638bffecbdf76024204a68401932cffe0b4e49a0833
02_古风仙侠,皇帝|后宫,1278028158,361180150,在后宫，你怎么独占皇帝？,砚水,9639,1.0,431,254,https://www.zhihu.com/question/361180150/answer/1278028158,02_古风仙侠/1278028158_361180150.txt,02_古风仙侠/1278028158_361180150.json,919c7aed745941943928f5cbb5d19ed4c04c7e2a40ceff1b9f8b08e41b0c4ee7
02_古风仙侠,皇帝|王爷|公主|太子,3361211536,502656846,如何以“我爹造反了，我成了最为尊贵的嫡公主”为开头写一篇文？,季惊风,9200,1.0,413,223,https://www.zhihu.com/question/502656846/answer/3361211536,02_古风仙侠/3361211536_502656846.txt,02_古风仙侠/3361211536_502656846.json,c2fa0516d7d6c4d0c61682abbf3fef060c286d9bef55a09ae32a414d6d524a77
02_古风仙侠,古言|皇帝|后宫|太子,2720408459,383441037,有没有什么让你念念不忘的古言推荐？,花家小可爱,8674,1.0,381,385,https://www.zhihu.com/question/383441037/answer/2720408459,02_古风仙侠/2720408459_383441037.txt,02_古风仙侠/2720408459_383441037.json,ca0f003b3346a7205b2ea2c93c1c80b79b74017d3cf4875b4d5f5d7e40e52865
02_古风仙侠,皇帝|后宫,1109765115,361180150,在后宫，你怎么独占皇帝？,开了仙窍的咸鱼,6839,1.0,339,470,https://www.zhihu.com/question/361180150/answer/1109765115,02_古风仙侠/1109765115_361180150.txt,02_古风仙侠/1109765115_361180150.json,22aa46b1405003a41b9759a6dcd5acdaff7ba789744b585b0fc0c6fc1ba61886
02_古风仙侠,古言|皇帝|皇后|公主,3111170422,417567870,有什么催泪古言虐文推荐吗？,琵琶手咖妃,5372,1.0,338,170,https://www.zhihu.com/question/417567870/answer/3111170422,02_古风仙侠/3111170422_417567870.txt,02_古风仙侠/3111170422_417567870.json,568b5b1cb02792ef55ec7fbde9aef009d52aaa7dd08789a7f4914a9ac404dd5f
02_古风仙侠,古言|皇后,2915370658,500977750,如何以「臣妾不想做皇后了」为开头写一篇古言，可正经可沙雕？,椰可可,6202,1.0,270,165,https://www.zhihu.com/question/500977750/answer/2915370658,02_古风仙侠/2915370658_500977750.txt,02_古风仙侠/2915370658_500977750.json,17a007282f6660eadda69bd54935a793ee2c9c5fef2500770694608af48d91c5
02_古风仙侠,古言|后宫|王爷|江湖,2295829761,389863691,有没有女主是妖艳贱货类型的古言小说？,吾玉,6332,1.0,193,178,https://www.zhihu.com/question/389863691/answer/2295829761,02_古风仙侠/2295829761_389863691.txt,02_古风仙侠/2295829761_389863691.json,369622a8af784ebefe3c753083fd4a6400483cf490b2cfc416ba40d76bfef480
02_古风仙侠,王爷|将军,1357774900,403115565,如何以“我是被王爷/将军从青楼里赎回来的”为开头写一个故事?,冬瓜茶茶,6659,1.0,150,111,https://www.zhihu.com/question/403115565/answer/1357774900,02_古风仙侠/1357774900_403115565.txt,02_古风仙侠/1357774900_403115565.json,bc3c4e7750203d970070e278df401330d20ac2e78826b1b9451d955891704755
02_古风仙侠,王爷|王妃,1937019974,461408214,怎么以「王爷叫道『救侧妃！』，王妃不再挣扎，沉入水底」为开头写一篇沙雕 HE 小说？,丧白蘑菇,6027,0.99,75291,83508,https://www.zhihu.com/question/461408214/answer/1937019974,02_古风仙侠/1937019974_461408214.txt,02_古风仙侠/1937019974_461408214.json,1a40765413240e19334738a499c55017c24b27d557b5e30d5d233664a9f2a9b7
02_古风仙侠,王爷|王妃,2507280968,461408214,怎么以「王爷叫道『救侧妃！』，王妃不再挣扎，沉入水底」为开头写一篇沙雕 HE 小说？,北有相思,6721,0.95,5797,5441,https://www.zhihu.com/question/461408214/answer/2507280968,02_古风仙侠/2507280968_461408214.txt,02_古风仙侠/2507280968_461408214.json,1dd7e4ca0042da3ea9879027c4df7e56e821d802a2ae0eb32fdb6bd02d2ac055
02_古风仙侠,古言|皇帝|皇后|后宫,2241763899,39581101,有哪些你看过之后舍不得删的古言小说？,洛溪儿,6313,0.95,2507,5664,https://www.zhihu.com/question/39581101/answer/2241763899,02_古风仙侠/2241763899_39581101.txt,02_古风仙侠/2241763899_39581101.json,f5cc38462bd9e69e6b4e5d74d3f61f67772bd480d155af8c8a4e59d143cdda20
02_古风仙侠,古言|皇后|公主|太子,3552131424,356909389,有没有什么好看的古言小说值得推荐？,魔女恰恰饭,5634,0.95,364,213,https://www.zhihu.com/question/356909389/answer/3552131424,02_古风仙侠/3552131424_356909389.txt,02_古风仙侠/3552131424_356909389.json,6e2b720a4cca289b3d964d3f2808939a287b5ffb3ce5878f11719465e2c16170
02_古风仙侠,古言|皇帝|皇后|太子,2283657582,477334077,有没有什么好的古言小说推荐？,春花秋月,5063,0.95,288,171,https://www.zhihu.com/question/477334077/answer/2283657582,02_古风仙侠/2283657582_477334077.txt,02_古风仙侠/2283657582_477334077.json,9187ce5472f5e120085df81312e863931c772d1b0539f07412343e575f6ce0ed
02_古风仙侠,古言|皇帝|皇后|后宫,2711160590,363693856,有哪些高质量的古言小说可以推荐吗？,猫猫,5050,0.9,126,45,https://www.zhihu.com/question/363693856/answer/2711160590,02_古风仙侠/2711160590_363693856.txt,02_古风仙侠/2711160590_363693856.json,586d9ba7ddd81b3289baad27f799387886e8ad192fecb38c4e1a49d36542f7ad
02_古风仙侠,修仙|公主|仙君,2939124887,50291345,有没有什么好看的女配修仙文？,神仙研究所,6447,1.0,5179,2317,https://www.zhihu.com/question/50291345/answer/2939124887,02_古风仙侠/2939124887_50291345.txt,02_古风仙侠/2939124887_50291345.json,2c7e552b40689315cda5be6d304d60d485e4600cf55a5a415a09dd47e09e9ff3
02_古风仙侠,皇帝|皇后|公主,2666505016,502656846,如何以“我爹造反了，我成了最为尊贵的嫡公主”为开头写一篇文？,从夏,7902,1.0,4652,6550,https://www.zhihu.com/question/502656846/answer/2666505016,02_古风仙侠/2666505016_502656846.txt,02_古风仙侠/2666505016_502656846.json,80405670e73b99ed831fe87b1251824408c4c43d519d29becbdd4ab2e1b09e83
02_古风仙侠,皇后|太子|江湖,1604393328,425504348,如何以「太子登基时，立了太子侧妃为后」为开头写一个故事?,虞暖江,6396,1.0,4453,4605,https://www.zhihu.com/question/425504348/answer/1604393328,02_古风仙侠/1604393328_425504348.txt,02_古风仙侠/1604393328_425504348.json,95a07544777a11f6ebe0bea85eb7c455a2f38cfd941a85802cdb8a383a2b7c9d
02_古风仙侠,古言|皇帝|太子,3600491730,415634617,知乎上有哪些古言甜文?,那刹时光,5502,1.0,4194,1934,https://www.zhihu.com/question/415634617/answer/3600491730,02_古风仙侠/3600491730_415634617.txt,02_古风仙侠/3600491730_415634617.json,a90eefc9d11b08fecf292aa250adc89777969d8385238d1ace3a95bccd2bb83a
02_古风仙侠,仙侠|公主|太子,3377788764,459632379,有没有好看的仙侠文推荐？,一纸玄语,5384,1.0,3710,1826,https://www.zhihu.com/question/459632379/answer/3377788764,02_古风仙侠/3377788764_459632379.txt,02_古风仙侠/3377788764_459632379.json,d7770e0a52b971887d989b46eb46dc2ce694e5768beab5f758bfb4b87762aef2
02_古风仙侠,古言|公主|女帝,2561075690,406025060,有没有女主智商在线剧情又不拖拉的古言小说推荐？,长安陶陶,6714,1.0,3274,6190,https://www.zhihu.com/question/406025060/answer/2561075690,02_古风仙侠/2561075690_406025060.txt,02_古风仙侠/2561075690_406025060.json,a3893316d6844f537cb738827fcb92a7cca8c34cf7aec2b2da96cd092ae59f6a
02_古风仙侠,古言|皇帝|太子,3128776706,497298931,有什么女主比较佛系，高质量的古言推荐？,雾刃,8467,1.0,3152,547,https://www.zhihu.com/question/497298931/answer/3128776706,02_古风仙侠/3128776706_497298931.txt,02_古风仙侠/3128776706_497298931.json,5549653c85fa34b0212a66ba964e56bd5d41132dc87657bf336bbac2c4d7b870
02_古风仙侠,古言|皇帝|皇后,3473620578,333069559,有哪些好看的重生古言？,我栖春山,6086,1.0,3142,444,https://www.zhihu.com/question/333069559/answer/3473620578,02_古风仙侠/3473620578_333069559.txt,02_古风仙侠/3473620578_333069559.json,32b78b3b1693d2635c461f7c0a4f80e8ee36ff9af639350d51be982507a70772
02_古风仙侠,古言|皇帝|太子,3050064515,307487090,有哪些好看的古言婚后文？,清醒,7159,1.0,2986,941,https://www.zhihu.com/question/307487090/answer/3050064515,02_古风仙侠/3050064515_307487090.txt,02_古风仙侠/3050064515_307487090.json,ae0f00146521bc89dc8b0cc0fe323ef4f8f9d08d8920068c3eba359750a3dc6b
02_古风仙侠,古言|公主|将军,3580742347,400485724,有没有男主温文尔雅但是腹黑的古言？,宫墙往事,6654,1.0,2721,634,https://www.zhihu.com/question/400485724/answer/3580742347,02_古风仙侠/3580742347_400485724.txt,02_古风仙侠/3580742347_400485724.json,1c7bdd6458c4ba796cfe307a27b39d0d9a13c52c07abb6cb9aa482392d15cf4e
02_古风仙侠,仙侠|师尊|宗门,2041984137679167544,554793172,有没有新奇一点的仙侠文啊？,一顿不吃饿的慌,5952,1.0,2490,670,https://www.zhihu.com/question/554793172/answer/2041984137679167544,02_古风仙侠/2041984137679167544_554793172.txt,02_古风仙侠/2041984137679167544_554793172.json,bf3627471230b3767fb535701b37a7a8ee43bb2610d79d70b50c4545761fe9e5
02_古风仙侠,古言|皇帝|皇后,2088989938,384074987,有没有文笔好到会让你二刷的古言小说？,每天读点故事,7352,1.0,1621,1199,https://www.zhihu.com/question/384074987/answer/2088989938,02_古风仙侠/2088989938_384074987.txt,02_古风仙侠/2088989938_384074987.json,26f12b52ff23d2ff5e97642094e6d21452dc0b22bb9516276fb90facae603486
02_古风仙侠,古代|后宫|太子,118939381451,661704757,在古代，真正聪明的女子是什么样子的？,十四洲,5441,1.0,1044,320,https://www.zhihu.com/question/661704757/answer/118939381451,02_古风仙侠/118939381451_661704757.txt,02_古风仙侠/118939381451_661704757.json,2c8958f351c8fecac93f6535538e628408beae679a1c12b09e9538fd52b3a138
02_古风仙侠,古言|公主|将军,33788885924,479596676,有没有平平淡淡细水长流的古言小说？,小蛮妖,6129,1.0,977,128,https://www.zhihu.com/question/479596676/answer/33788885924,02_古风仙侠/33788885924_479596676.txt,02_古风仙侠/33788885924_479596676.json,ee814dd2ec5ccb41c0d4d8b8cff227f440c5daea31863eb07afd1551cc3a6a67
02_古风仙侠,皇帝|皇后|后宫,2069289402,480427802,如何以「今日宴席上的舞姬与先皇后长得一模一样」为开头写一个故事？,咕咚怪,5504,1.0,766,845,https://www.zhihu.com/question/480427802/answer/2069289402,02_古风仙侠/2069289402_480427802.txt,02_古风仙侠/2069289402_480427802.json,ef3bbdef972a020a6fea7868cacc239535cef1a488f433f9d28c806d1803df45
02_古风仙侠,古言|太子|朝堂,3029603879,334390853,有没有特别让你惊艳的古言，疯狂想安利给别人的那种？,蹦蹦跳跳小芝麻,6016,1.0,696,625,https://www.zhihu.com/question/334390853/answer/3029603879,02_古风仙侠/3029603879_334390853.txt,02_古风仙侠/3029603879_334390853.json,3243e5007fb9453af540da1c8c35bb5f027db5cf6129c8f02d7bb6188a597dba
02_古风仙侠,古代|公主|太子,1905735540348792885,310355075,有哪些好看的古代言情小说？,毛毛,7453,1.0,685,163,https://www.zhihu.com/question/310355075/answer/1905735540348792885,02_古风仙侠/1905735540348792885_310355075.txt,02_古风仙侠/1905735540348792885_310355075.json,2917bcf44724bbc7214d424072e7cb010937086da048442a0096c940ed6266ad
02_古风仙侠,皇帝|后宫|将军,1415689957,396843360,在后宫，不争宠如何苟到大结局?,春舟未眠,7202,1.0,675,392,https://www.zhihu.com/question/396843360/answer/1415689957,02_古风仙侠/1415689957_396843360.txt,02_古风仙侠/1415689957_396843360.json,7fc9c1f1ac8fa7a5f54b3e20b6f689de39c3172aa5e176e9cc70b130fa110d6b
02_古风仙侠,古言|皇帝|朝堂,3370633996,438657463,有没有那种全程都甜，而且甜而不腻的古言小说？,蚕扣,5223,1.0,627,90,https://www.zhihu.com/question/438657463/answer/3370633996,02_古风仙侠/3370633996_438657463.txt,02_古风仙侠/3370633996_438657463.json,1207823a225ee8736a2917d370e68393c42e2fc90bc24d78c88c14c641d8a61a
02_古风仙侠,古言|后宫|太子,2580839723,477334077,有没有什么好的古言小说推荐？,宋宋的焰小焰,8643,1.0,626,817,https://www.zhihu.com/question/477334077/answer/2580839723,02_古风仙侠/2580839723_477334077.txt,02_古风仙侠/2580839723_477334077.json,cd1edf7b9fa5288dd834c192598180d116835afe787c48d6450a4c070bfc5654
02_古风仙侠,古言|王妃|侯府,2705152841,334390853,有没有特别让你惊艳的古言，疯狂想安利给别人的那种？,叶胖墩,8346,1.0,564,611,https://www.zhihu.com/question/334390853/answer/2705152841,02_古风仙侠/2705152841_334390853.txt,02_古风仙侠/2705152841_334390853.json,3e62e071da266337fcca9848128cb3e6eb2dae6e38ed86ba312e49f37b1bab43
02_古风仙侠,古言|皇后|后宫,2346792621,417567870,有什么催泪古言虐文推荐吗？,未央,7682,1.0,555,952,https://www.zhihu.com/question/417567870/answer/2346792621,02_古风仙侠/2346792621_417567870.txt,02_古风仙侠/2346792621_417567870.json,57e346367e16f8304b668e5346134fb000efae74ed063e3db6f0d6b5a7540498
02_古风仙侠,古言|公主|师尊,2887386786,424758080,有哪些沙雕古言甜文？,知意,7705,1.0,462,0,https://www.zhihu.com/question/424758080/answer/2887386786,02_古风仙侠/2887386786_424758080.txt,02_古风仙侠/2887386786_424758080.json,1d67e91437459de67d111d39ca43779fbb9da7a64a98edc0bb6870c148cd7dd0
02_古风仙侠,古言|皇后|太子,1991975275030926698,383441037,有没有什么让你念念不忘的古言推荐？,冬日恋歌,6978,1.0,403,144,https://www.zhihu.com/question/383441037/answer/1991975275030926698,02_古风仙侠/1991975275030926698_383441037.txt,02_古风仙侠/1991975275030926698_383441037.json,38989da9832144b991e1627b6bb99953d092f55d48e0426b8b08204ec5aa6408
02_古风仙侠,皇帝|皇后|女帝,2038305773,444251030,如何以「他笑着对我说，皇后不能是你」为开头，写一个故事？,今昭,9506,1.0,343,277,https://www.zhihu.com/question/444251030/answer/2038305773,02_古风仙侠/2038305773_444251030.txt,02_古风仙侠/2038305773_444251030.json,72cb49d6a9d15cd7b786e43ea5340ea1764c144499aa5cc190591512f2ec64aa
02_古风仙侠,古言|王爷|王妃,3494255221,415634617,知乎上有哪些古言甜文?,花梵,6163,1.0,331,83,https://www.zhihu.com/question/415634617/answer/3494255221,02_古风仙侠/3494255221_415634617.txt,02_古风仙侠/3494255221_415634617.json,c2205fa341e8aa0ec9669ebb38809b384baa7a41eb700704864f5c7587137362
02_古风仙侠,古言|皇帝|公主,43109860460,581143540,有没有好看的古言打脸爽文！！！?,瓶子儿,6073,1.0,311,93,https://www.zhihu.com/question/581143540/answer/43109860460,02_古风仙侠/43109860460_581143540.txt,02_古风仙侠/43109860460_581143540.json,b63433d50d1fb22efa1ae6283cdfa2b067fd4862e0b8e796c5cd9427e10b68b1
02_古风仙侠,修仙|仙侠|师尊,3502911277,554793172,有没有新奇一点的仙侠文啊？,竹子,9311,1.0,306,173,https://www.zhihu.com/question/554793172/answer/3502911277,02_古风仙侠/3502911277_554793172.txt,02_古风仙侠/3502911277_554793172.json,6e367af33408fcb22b1a69a764ef739f5fcc1db6102b90119c2a20e350e08f90
02_古风仙侠,古言|皇帝|皇后,3719825932,657328145,有没有好看的古言救赎文？,头晕晕的小核桃,6352,1.0,306,96,https://www.zhihu.com/question/657328145/answer/3719825932,02_古风仙侠/3719825932_657328145.txt,02_古风仙侠/3719825932_657328145.json,10e69ba3b45fdfd965ba91d78dcb6117f6ea8f4e12d646138ccf2325442c7182
02_古风仙侠,公主|太子|朝堂,1442423781,403319494,如何以「我是琴棋书画样样不行的公主」为开头写一个故事？,原来的风,7401,1.0,298,759,https://www.zhihu.com/question/403319494/answer/1442423781,02_古风仙侠/1442423781_403319494.txt,02_古风仙侠/1442423781_403319494.json,3f6f0b18611137a0d466287be58bc8c5e6b70834c17ec6b48e686b2363ef99ce
02_古风仙侠,古言|皇帝|皇后,1800569183,364213496,有哪些轻松搞笑的古言？,吾玉,8695,1.0,281,161,https://www.zhihu.com/question/364213496/answer/1800569183,02_古风仙侠/1800569183_364213496.txt,02_古风仙侠/1800569183_364213496.json,9ecc166fa398ac8b64a4a8771b1266fd4776feb813990a0e5dbe803bb20a68f8
02_古风仙侠,古言|皇帝|朝堂,3622558963,400485724,有没有男主温文尔雅但是腹黑的古言？,书卿卿,6409,1.0,213,101,https://www.zhihu.com/question/400485724/answer/3622558963,02_古风仙侠/3622558963_400485724.txt,02_古风仙侠/3622558963_400485724.json,68e35084b331e1a49cb2f7fd51cd8366b980fb893da9a7a65927a1404cc9e469
02_古风仙侠,皇后|后宫|太子,2232743725,480427802,如何以「今日宴席上的舞姬与先皇后长得一模一样」为开头写一个故事？,星星海里捞月亮,9813,1.0,202,184,https://www.zhihu.com/question/480427802/answer/2232743725,02_古风仙侠/2232743725_480427802.txt,02_古风仙侠/2232743725_480427802.json,2f8f31a9314b8f62b335c866823e912059f15eb89e460bb5a62f39fe2d3e7a76
02_古风仙侠,古言|后宫|女帝,2022231346286792865,664710285,有没有什么不同寻常的古言?,行之,7292,1.0,199,109,https://www.zhihu.com/question/664710285/answer/2022231346286792865,02_古风仙侠/2022231346286792865_664710285.txt,02_古风仙侠/2022231346286792865_664710285.json,2d85a8f8b4f2206a1f7a63bea47de935725980e1ba4169f3883482dc282b422c
02_古风仙侠,古言|皇后|太子,2042549131034507131,654616911,女主清醒理智的古言爽文有吗？,白泽丧葬用品店,5763,1.0,198,105,https://www.zhihu.com/question/654616911/answer/2042549131034507131,02_古风仙侠/2042549131034507131_654616911.txt,02_古风仙侠/2042549131034507131_654616911.json,860eb63a89d465126f2bcb5f2581dd49f070a438df974dfa9ea65cb956636bf8
02_古风仙侠,古言|皇帝|将军,2347898204,470726508,有没有追妻火葬场最后be的古言小说啊？,百里岁岁,9420,1.0,182,83,https://www.zhihu.com/question/470726508/answer/2347898204,02_古风仙侠/2347898204_470726508.txt,02_古风仙侠/2347898204_470726508.json,6fca48ed54c762d5021b9538f601ab3d5cf3c4c6c300c0ba3f950b25f119fcef
02_古风仙侠,古言|古代|太子,3528579030,424758080,有哪些沙雕古言甜文？,兰西北东,5887,1.0,169,53,https://www.zhihu.com/question/424758080/answer/3528579030,02_古风仙侠/3528579030_424758080.txt,02_古风仙侠/3528579030_424758080.json,e99453b88b8baf9b3c3273f72d2186e2a1b039386a1cc09044b111b953e7030a
02_古风仙侠,古言|皇后|宫斗,2048653737862718730,367375214,有哪些比较甜的古言婚后文？,宫墙往事,9341,1.0,168,75,https://www.zhihu.com/question/367375214/answer/2048653737862718730,02_古风仙侠/2048653737862718730_367375214.txt,02_古风仙侠/2048653737862718730_367375214.json,1d56feb59526140b10de2a126aaf9c6a42fc378ece778c181a787518ddbf75de
02_古风仙侠,古言|太子|将军,1907160957945362199,653572872,有好看的古言推荐吗？,还行吧,5131,1.0,149,90,https://www.zhihu.com/question/653572872/answer/1907160957945362199,02_古风仙侠/1907160957945362199_653572872.txt,02_古风仙侠/1907160957945362199_653572872.json,9b080a7d59ae172091190a400a3cbb2949a59d6a9d5c008d5bd525f7cb6adaac
02_古风仙侠,古言|皇后|太子,3252206064,503176068,有哪些女主聪慧淡定的优质古言推荐？,777,6465,1.0,118,16,https://www.zhihu.com/question/503176068/answer/3252206064,02_古风仙侠/3252206064_503176068.txt,02_古风仙侠/3252206064_503176068.json,dc9cf1248f7eb16bd838512e1c0ec44df62ab1e55bb3305e729aec57e625fc82
02_古风仙侠,古言|皇帝|皇后,82394082009,630555526,有没有好看的古言短篇啊？,五独,9069,1.0,106,27,https://www.zhihu.com/question/630555526/answer/82394082009,02_古风仙侠/82394082009_630555526.txt,02_古风仙侠/82394082009_630555526.json,15a7ca905cb4bfefca21c7b1a2afa73a984611714684ca2a28933536e5b83b91
02_古风仙侠,皇帝|皇后|后宫,2626673194,396843360,在后宫，不争宠如何苟到大结局?,霜乐,9036,0.99,9132,4342,https://www.zhihu.com/question/396843360/answer/2626673194,02_古风仙侠/2626673194_396843360.txt,02_古风仙侠/2626673194_396843360.json,30fa077d12f9a4a57133a154f52cace230eee3b2e00c7a6ac72b16f4af285a24
02_古风仙侠,古言|公主|将军,3539352913,653572872,有好看的古言推荐吗？,我栖春山,6418,0.99,307,92,https://www.zhihu.com/question/653572872/answer/3539352913,02_古风仙侠/3539352913_653572872.txt,02_古风仙侠/3539352913_653572872.json,10f92a4ece84cd1b83ee9d83e54916073d62dd744ea32251b9bb936773b434e5
02_古风仙侠,古言|皇帝|公主,98184688017,634485244,有没有好看到忍不住的古言？,於滚滚,6456,0.98,526,533,https://www.zhihu.com/question/634485244/answer/98184688017,02_古风仙侠/98184688017_634485244.txt,02_古风仙侠/98184688017_634485244.json,3720355daff14f347f751a1e6205241bcd88717ea59ff9be83f27f5671d5b377
02_古风仙侠,古言|后宫|太子,2600458983,363693856,有哪些高质量的古言小说可以推荐吗？,风刃雪,6608,0.95,2242,1216,https://www.zhihu.com/question/363693856/answer/2600458983,02_古风仙侠/2600458983_363693856.txt,02_古风仙侠/2600458983_363693856.json,2cf5e283d51a34a05bfed31efb3ba8a7e594c505f8cecf85ab0afe5fa40cdccb
02_古风仙侠,皇帝|公主|将军,1200885182,389811238,如果你是要去和亲的公主，你会怎么做？,知乎用户RGfqt8,9085,0.95,722,707,https://www.zhihu.com/question/389811238/answer/1200885182,02_古风仙侠/1200885182_389811238.txt,02_古风仙侠/1200885182_389811238.json,4ba5f06d0f21472e240b14fa066050a93a10929bfd46b1e805770a1cb3c0af7c
02_古风仙侠,修仙|仙侠|宗门,3283161122,322991566,有没有文笔好质量高的仙侠小说？,卿小姐,5879,0.95,703,214,https://www.zhihu.com/question/322991566/answer/3283161122,02_古风仙侠/3283161122_322991566.txt,02_古风仙侠/3283161122_322991566.json,493cda1c6029255b41f73a567eaddc45e9f8899b25b06a45741b130075d374d7
02_古风仙侠,古言|皇帝|后宫,3230300865,459216268,有没有什么特别好看的古言小说？,猫猫精,6200,0.95,644,703,https://www.zhihu.com/question/459216268/answer/3230300865,02_古风仙侠/3230300865_459216268.txt,02_古风仙侠/3230300865_459216268.json,392185e880999d1b0371b626325b54dfc3e80143ac720a6374bc248c8a4a11a7
02_古风仙侠,古言|皇帝|将军,3292963725,462885029,有什么好看的先婚后爱古言吗？,喵了个喵,8116,0.95,520,148,https://www.zhihu.com/question/462885029/answer/3292963725,02_古风仙侠/3292963725_462885029.txt,02_古风仙侠/3292963725_462885029.json,8e6d79a99feb6a461e5fc3160279f7954cec837b74de404c7cfeb830119ae9e1
02_古风仙侠,古言|皇帝|皇后,2556810570,406025060,有没有女主智商在线剧情又不拖拉的古言小说推荐？,码字精-鸿蒙,6368,0.95,457,345,https://www.zhihu.com/question/406025060/answer/2556810570,02_古风仙侠/2556810570_406025060.txt,02_古风仙侠/2556810570_406025060.json,ffb151ace4a1e4bf514e3439d8e1d8d83104272614e8bb3dc27375b54192a6d9
02_古风仙侠,古言|皇帝|太子,2740053397,311422229,有哪些男主表面温润如玉实则阴狠的古言？,阿饶,8984,0.95,380,352,https://www.zhihu.com/question/311422229/answer/2740053397,02_古风仙侠/2740053397_311422229.txt,02_古风仙侠/2740053397_311422229.json,fbd5bd9088320d1e458be1edecff328670df02d47f76f6668ab91c642496f42c
02_古风仙侠,古代|皇后|宫斗,109544066539,6666141745,古代权谋故事里，如何写爱情才动人？,吴端端,8142,0.95,306,197,https://www.zhihu.com/question/6666141745/answer/109544066539,02_古风仙侠/109544066539_6666141745.txt,02_古风仙侠/109544066539_6666141745.json,b035976b38010bc11820db5471933e471aeb4b42b65a5f9b8a0721236bf5dc7d
02_古风仙侠,古代|皇帝|公主,55058196612,658662100,在古代，什么样的丫鬟才是真正厉害的角色?,蓝筝,7752,0.95,228,68,https://www.zhihu.com/question/658662100/answer/55058196612,02_古风仙侠/55058196612_658662100.txt,02_古风仙侠/55058196612_658662100.json,ddada0225d0b551ec25ab1c85efa1764f83248ec0854b5963465ac8b9b8433b3
02_古风仙侠,古言|太子|将军,2037580006021406881,664356442,有哪些惊艳不落俗套的古言小说？ 66 赞同 · 0 评论 回答,鱼十青,6540,0.95,205,135,https://www.zhihu.com/question/664356442/answer/2037580006021406881,02_古风仙侠/2037580006021406881_664356442.txt,02_古风仙侠/2037580006021406881_664356442.json,50794bb81a58c093adc8c0d81bb868d111ec3be0a6fa344f5f5e01a818f5c29a
02_古风仙侠,古代|皇帝|公主,1935835685853598909,663011561,在古代，一个真正聪明的女子会是怎样的？,野火照春,5755,0.95,196,121,https://www.zhihu.com/question/663011561/answer/1935835685853598909,02_古风仙侠/1935835685853598909_663011561.txt,02_古风仙侠/1935835685853598909_663011561.json,86f35d0f9cbeafb5f2f9471a1e72855c217562c40994f85c735c38805196d5bf
02_古风仙侠,古言|皇帝|公主,3229353463,369211284,有没有特别好看的古言病娇文？最近超迷古言病娇男主?,微尘,7474,0.95,182,221,https://www.zhihu.com/question/369211284/answer/3229353463,02_古风仙侠/3229353463_369211284.txt,02_古风仙侠/3229353463_369211284.json,ef5dab5f5e60583e26888e26e87ee877a2d6bc4ab1ececef8bf3518aef111738
02_古风仙侠,古代|皇帝|皇后,98520863445,6666141745,古代权谋故事里，如何写爱情才动人？,一盏茗,7304,0.95,140,65,https://www.zhihu.com/question/6666141745/answer/98520863445,02_古风仙侠/98520863445_6666141745.txt,02_古风仙侠/98520863445_6666141745.json,a8f9e103ff429f36f85c0e5a5f1030406a72bda5045753ba088c8a24eea65451
02_古风仙侠,古言|王爷|王妃,2313715929,389863691,有没有女主是妖艳贱货类型的古言小说？,新火,7142,0.95,103,47,https://www.zhihu.com/question/389863691/answer/2313715929,02_古风仙侠/2313715929_389863691.txt,02_古风仙侠/2313715929_389863691.json,bb8d7b90db22723ff76cb5895fde546b77445b4432d200565a0a85d03521bf60
02_古风仙侠,仙侠|师尊|宗门,3260009961,597437501,有没有女主是仙门大师姐的仙侠文？,,5646,0.9,1045,210,https://www.zhihu.com/question/597437501/answer/3260009961,02_古风仙侠/3260009961_597437501.txt,02_古风仙侠/3260009961_597437501.json,9109b769ec94d89f3208eeced00d067df022444e71f21a42bfe3bf80d6c50bcf
02_古风仙侠,古言|皇后|将军,19844057651,503176068,有哪些女主聪慧淡定的优质古言推荐？,长明对月,8665,0.9,186,84,https://www.zhihu.com/question/503176068/answer/19844057651,02_古风仙侠/19844057651_503176068.txt,02_古风仙侠/19844057651_503176068.json,c91228d4bf969ae7a9254a736ca286a4645435c813391f591bb9f527341c295b
02_古风仙侠,皇后|太子,2492684247,425504348,如何以「太子登基时，立了太子侧妃为后」为开头写一个故事?,熙禾,9176,1.0,8001,8611,https://www.zhihu.com/question/425504348/answer/2492684247,02_古风仙侠/2492684247_425504348.txt,02_古风仙侠/2492684247_425504348.json,490d17ea4a6fcd554a16307d324cf553142055dbb18f2c6cf5a450e4bd0e599f
02_古风仙侠,公主|将军,1728836856,387206244,如何以「将军出征回来了，他还带回一个怀孕的女子」为开头写一个故事？,翟怂怂,7418,1.0,7895,7264,https://www.zhihu.com/question/387206244/answer/1728836856,02_古风仙侠/1728836856_387206244.txt,02_古风仙侠/1728836856_387206244.json,057b4491cea7afafdc0fc3be73bd7e590b019b999686cbedf2db409c3fad9842
02_古风仙侠,皇后|太子,3153317705,444251030,如何以「他笑着对我说，皇后不能是你」为开头，写一个故事？,夏文雨林,8705,1.0,4936,907,https://www.zhihu.com/question/444251030/answer/3153317705,02_古风仙侠/3153317705_444251030.txt,02_古风仙侠/3153317705_444251030.json,71e7a925bc7a439f02392ceb251ab14ca0b042f4a149a435b6d86989cad4bded
02_古风仙侠,皇帝|公主,1433565466,389141610,如何以“我自小便是一个不受宠的公主”为开头，写一篇文？,黄泉,7686,1.0,4541,2414,https://www.zhihu.com/question/389141610/answer/1433565466,02_古风仙侠/1433565466_389141610.txt,02_古风仙侠/1433565466_389141610.json,658c01e90cc326b620004615f1d7deb02687cb6cee31a0d9e9bd66d16786e0b6
02_古风仙侠,王爷|将军,1239855925,387206244,如何以「将军出征回来了，他还带回一个怀孕的女子」为开头写一个故事？,南风,7643,1.0,3724,3220,https://www.zhihu.com/question/387206244/answer/1239855925,02_古风仙侠/1239855925_387206244.txt,02_古风仙侠/1239855925_387206244.json,dae9d7461ea381edce8b6793394cf22e3e19c28f5515e68dc775dba9f21835d1
02_古风仙侠,王爷|王妃,1292107667,401975362,如果穿书「穿成城墙上暴晒三天的王妃」，该怎么活下去？,咕咚怪,6027,1.0,3366,2684,https://www.zhihu.com/question/401975362/answer/1292107667,02_古风仙侠/1292107667_401975362.txt,02_古风仙侠/1292107667_401975362.json,d3c681a99f1b24813809712e766a66aa283e81857c7c4c2ccd4e25089178926e
02_古风仙侠,仙侠|师尊,3432094255,447178931,有什么好看的仙侠小说吗？,佩上青,5212,1.0,3008,1539,https://www.zhihu.com/question/447178931/answer/3432094255,02_古风仙侠/3432094255_447178931.txt,02_古风仙侠/3432094255_447178931.json,7ba1360d9e1c48a640c61245cf118aa0a6275d065266a90edba1f30aa18ec859
02_古风仙侠,皇帝|公主,1287834775,389141610,如何以“我自小便是一个不受宠的公主”为开头，写一篇文？,RAN,8484,1.0,2858,1742,https://www.zhihu.com/question/389141610/answer/1287834775,02_古风仙侠/1287834775_389141610.txt,02_古风仙侠/1287834775_389141610.json,4205fb982035b6f1c4742893999666b9e323921a9b002d18224b61b5e6d994d4
02_古风仙侠,古言|将军,1189435616,381389980,有哪些好看的古言追妻火葬场文？,盐言故事档案局,6253,1.0,2668,1948,https://www.zhihu.com/question/381389980/answer/1189435616,02_古风仙侠/1189435616_381389980.txt,02_古风仙侠/1189435616_381389980.json,00868dac527ee526485cc7066fd69f5e38cff7b67f9f4748ac476aa690418745
02_古风仙侠,古言|侯府,2011562224439804890,639801121,有没有超级好看的古言推荐？,温柔媚娘,8129,1.0,2381,520,https://www.zhihu.com/question/639801121/answer/2011562224439804890,02_古风仙侠/2011562224439804890_639801121.txt,02_古风仙侠/2011562224439804890_639801121.json,177d76d231be5916b0bbc3010132805db94756ea283a0a61f9510f53f77254aa
02_古风仙侠,古言|侯府,3525720776,333633430,有没有好看的古言小说推荐？,问心无恨,9922,1.0,2144,285,https://www.zhihu.com/question/333633430/answer/3525720776,02_古风仙侠/3525720776_333633430.txt,02_古风仙侠/3525720776_333633430.json,6d53e3de44dca5f78428375c2efb6bdb7c924e1f8ef36f2ee86b45a17b01a073
02_古风仙侠,皇帝|皇后|公主|太子,3038032879,481538034,有哪些超级虐文，非常虐，虐到哭泣，上不来气那种虐文？,淼淼,9607,1.0,1907,1115,https://www.zhihu.com/question/481538034/answer/3038032879,02_古风仙侠/3038032879_481538034.txt,02_古风仙侠/3038032879_481538034.json,149682427b94e1d30e19f3c2e2c4d72a3bb9cc905bc33741dbaf5fcf818104c4
02_古风仙侠,古言|师尊,64971839397,438657463,有没有那种全程都甜，而且甜而不腻的古言小说？,猫猫虫立大功,6059,1.0,1548,649,https://www.zhihu.com/question/438657463/answer/64971839397,02_古风仙侠/64971839397_438657463.txt,02_古风仙侠/64971839397_438657463.json,9cd11ad8e149f7ceb130ae9ac4819459473d50f9c6176ce6d84281cba8523fa2
02_古风仙侠,古言|公主,1910684570199757928,333069559,有哪些好看的重生古言？,蜗牛意面,5192,1.0,1445,348,https://www.zhihu.com/question/333069559/answer/1910684570199757928,02_古风仙侠/1910684570199757928_333069559.txt,02_古风仙侠/1910684570199757928_333069559.json,f337cb1f6a498512fa5ab535fecdc177f7fb5da702a84c1406df8fee93dbc141
02_古风仙侠,皇后|太子,1309181377,399164865,如何以「我是太子妃但太子不爱我」为设定，写一个故事？,墨卿,6116,1.0,1392,1654,https://www.zhihu.com/question/399164865/answer/1309181377,02_古风仙侠/1309181377_399164865.txt,02_古风仙侠/1309181377_399164865.json,dcfe1db4416f3b88b7b1154f16ad2f61f11d482f515c5dca2a0d91e424d5725d
02_古风仙侠,古言|太子,2045569303844319238,384074987,有没有文笔好到会让你二刷的古言小说？,蜡笔小酒,6639,1.0,1359,450,https://www.zhihu.com/question/384074987/answer/2045569303844319238,02_古风仙侠/2045569303844319238_384074987.txt,02_古风仙侠/2045569303844319238_384074987.json,2a4f8cba7f3578ee09ca0c5719fcbcce44e5257208c304ddda086977da3eb895
02_古风仙侠,古代|侯府,3535919305,656335908,古代的丫鬟过得很凄苦吗？,我能不能睡中间,6363,1.0,1305,954,https://www.zhihu.com/question/656335908/answer/3535919305,02_古风仙侠/3535919305_656335908.txt,02_古风仙侠/3535919305_656335908.json,f281ad8ae3182acb02754fd9580098c6e8ec5b486e0bb4e78a1e7353477d62c1
02_古风仙侠,古代|王妃,65160391581,658662100,在古代，什么样的丫鬟才是真正厉害的角色?,海的鸽子,5082,1.0,1192,1254,https://www.zhihu.com/question/658662100/answer/65160391581,02_古风仙侠/65160391581_658662100.txt,02_古风仙侠/65160391581_658662100.json,11c0e48039b2631fdd26bcf24d977f5c6a21e1024e3f7b398dc4f0fcec390df4
02_古风仙侠,皇后|后宫|公主|将军,2364795704,386594644,能不能写一个女主从头到尾都不爱男主的虐文？,码字精-鸿蒙,8251,1.0,1142,1389,https://www.zhihu.com/question/386594644/answer/2364795704,02_古风仙侠/2364795704_386594644.txt,02_古风仙侠/2364795704_386594644.json,306986f0eff8397d12425ee67242d29c4c0fbb7d9278d16e2917fe90efdf41a3
02_古风仙侠,皇后|太子,2074773855,422832708,如何以“太子未定，先定了个太子妃”来写一个故事?,七月呢喃,7806,1.0,961,980,https://www.zhihu.com/question/422832708/answer/2074773855,02_古风仙侠/2074773855_422832708.txt,02_古风仙侠/2074773855_422832708.json,13dc1cfbb4b71fac931a5c7f6343738605d543c4b7b7e1a859634be50c19de53
02_古风仙侠,古言|公主,2990802915,328424043,有哪些优质的古言小说？,曜仔小馒头,5115,1.0,940,1061,https://www.zhihu.com/question/328424043/answer/2990802915,02_古风仙侠/2990802915_328424043.txt,02_古风仙侠/2990802915_328424043.json,4eb7bb6182253aa9ee0dcb1b335bf51a2d867d823ab01b0e5d751ce0359b7a9a
02_古风仙侠,皇帝|皇后,2044805240,407785237,如何以「我的前男友当了皇帝」为开头写一篇文？,七月呢喃,7788,1.0,902,690,https://www.zhihu.com/question/407785237/answer/2044805240,02_古风仙侠/2044805240_407785237.txt,02_古风仙侠/2044805240_407785237.json,21def7cf4fa12c899300042199ccbf913245cda2b8c33f384f7dea320566d170
02_古风仙侠,古言|后宫,3523949152,384062996,知乎里面有哪些高质量的完结言情古言小说？,,8563,1.0,892,180,https://www.zhihu.com/question/384062996/answer/3523949152,02_古风仙侠/3523949152_384062996.txt,02_古风仙侠/3523949152_384062996.json,b1680f5cd6bc2cb2e8b1bd1b19d5901bbf46b5251028d7ba224b30893bfd5d81
03_现代情感,甜文|白月光|替身,1610300438,431870645,如何以「原来我只是仙界众仙君的白月光替身」为开头写一个故事？,雪梨今天不赶稿,9768,1.0,4229,0,https://www.zhihu.com/question/431870645/answer/1610300438,03_现代情感/1610300438_431870645.txt,03_现代情感/1610300438_431870645.json,677896528d3edbf68de5a7b23d0968139bf5ece9fbd72c6bf9755417b6fdbe86
03_现代情感,结婚|恋爱|校园恋爱,1878474977,357808231,有没有甜甜的校园恋爱故事让我酸一下？,暮山溪,7721,1.0,3149,3436,https://www.zhihu.com/question/357808231/answer/1878474977,03_现代情感/1878474977_357808231.txt,03_现代情感/1878474977_357808231.json,0c83b5e75baf7f05ee701fac1fb61924f37f371b10354150a2c4ac0d39164b3a
03_现代情感,结婚|男友|破镜重圆|相亲|白月光,3221930649,412198545,有没有好看的重逢文(破镜重圆文)推荐?,春林溪,5944,1.0,1946,517,https://www.zhihu.com/question/412198545/answer/3221930649,03_现代情感/3221930649_412198545.txt,03_现代情感/3221930649_412198545.json,efda3009150df5f7e100c057135fe60d64e3f7a5809fbe05fd3d58ccb656f9e7
03_现代情感,恋爱|男友|校园恋爱,2567965981,357808231,有没有甜甜的校园恋爱故事让我酸一下？,梓榆,8625,1.0,1910,4926,https://www.zhihu.com/question/357808231/answer/2567965981,03_现代情感/2567965981_357808231.txt,03_现代情感/2567965981_357808231.json,9d67cec96f8bcd3bb1b0b881e6670406a6a8c9b92d3b33a3254e51763a08f7ab
03_现代情感,甜宠|离婚|豪门,2754348518,528246200,有没有那种豪门甜宠短文？,林下,6567,1.0,1813,2848,https://www.zhihu.com/question/528246200/answer/2754348518,03_现代情感/2754348518_528246200.txt,03_现代情感/2754348518_528246200.json,796067e60ebb228b518b7b610c11f0667af7fc9f25f6eb5a4c816b93a5ec789d
03_现代情感,恋爱|男友|病娇,80762045623,653106502,有没有病娇男主恋爱脑有点疯的文推荐呀?,姣姣我老婆,7151,1.0,1698,824,https://www.zhihu.com/question/653106502/answer/80762045623,03_现代情感/80762045623_653106502.txt,03_现代情感/80762045623_653106502.json,6e80e4c9c34140de0f4cb1af262bc52a2feb85a525cfa873c90175aec146cd0c
03_现代情感,追妻|破镜重圆|暗恋,2824977226,492469328,有没有追妻（夫）火葬场，但又破镜重圆的故事？,阿妲,6924,1.0,1560,2421,https://www.zhihu.com/question/492469328/answer/2824977226,03_现代情感/2824977226_492469328.txt,03_现代情感/2824977226_492469328.json,917a3d62684f2ad8b164fd886afad8db51ababa188d381e37efb8545355eae0e
03_现代情感,女友|豪门|霸总,116379076982,556513976,有哪些特别好看的豪门霸总小说？,麦然,5499,1.0,1263,576,https://www.zhihu.com/question/556513976/answer/116379076982,03_现代情感/116379076982_556513976.txt,03_现代情感/116379076982_556513976.json,3333d4258b7f0b7fecab7c2622327b15d57616cfbac1d95f9c736672ce315f77
03_现代情感,结婚|离婚|丈夫|替身|出轨,2815915795,463994029,请问有没有什么好看的替身文?,奚溧拉拉,8130,1.0,1161,611,https://www.zhihu.com/question/463994029/answer/2815915795,03_现代情感/2815915795_463994029.txt,03_现代情感/2815915795_463994029.json,a3eef6348e3e416bf9203e6e18e0d446fc5b5a3778070f923119089dd2e4d7ed
03_现代情感,追妻|结婚|恋爱|男友|出轨,3590207150,475149292,有没有超好看的先婚后爱小说（最好是先婚后爱，追妻火葬场的那种）？,醉美人,8529,1.0,578,221,https://www.zhihu.com/question/475149292/answer/3590207150,03_现代情感/3590207150_475149292.txt,03_现代情感/3590207150_475149292.json,9de4ad106aa047e2d53e9ac4f642e9859f89ee46988c5cbf2c9dc0c05d1f6ee1
03_现代情感,离婚|豪门|霸总,1891232046812231372,556511309,有哪些好看的豪门霸总小说？,晚禾吹烟,8677,1.0,545,374,https://www.zhihu.com/question/556511309/answer/1891232046812231372,03_现代情感/1891232046812231372_556511309.txt,03_现代情感/1891232046812231372_556511309.json,4b4faa095b5320060dff1114879caa386be88933e02a5f10b573ea5fe29fc340
03_现代情感,恋爱|丈夫|病娇,3568860452,653106502,有没有病娇男主恋爱脑有点疯的文推荐呀?,木嘉,7493,1.0,540,198,https://www.zhihu.com/question/653106502/answer/3568860452,03_现代情感/3568860452_653106502.txt,03_现代情感/3568860452_653106502.json,7e77954e2a8bfd73227e7b92d0d1159d742a202bfda4dbdf2c5598378f0b5ef1
03_现代情感,豪门|霸总|白月光,1916628656534585624,556513976,有哪些特别好看的豪门霸总小说？,头晕晕的小核桃,5010,1.0,406,255,https://www.zhihu.com/question/556513976/answer/1916628656534585624,03_现代情感/1916628656534585624_556513976.txt,03_现代情感/1916628656534585624_556513976.json,c4baa8306431afdc13998351c66093cce5bc92abd2aa4179673e1917e7f0607d
03_现代情感,恋爱|暗恋|校园恋爱,3628903183,56895124,校园恋爱有多甜？,小尘,5068,1.0,338,213,https://www.zhihu.com/question/56895124/answer/3628903183,03_现代情感/3628903183_56895124.txt,03_现代情感/3628903183_56895124.json,89aa9de1ec7aaa1a28a9406a29596a464c77eb7219187851209d485c332659b5
03_现代情感,恋爱|甜文|相亲,1907723091343303402,616402100,有没有那种男主是笨蛋帅哥，非常恋爱脑眼里只有女主的甜文？,丁十三,5397,1.0,306,176,https://www.zhihu.com/question/616402100/answer/1907723091343303402,03_现代情感/1907723091343303402_616402100.txt,03_现代情感/1907723091343303402_616402100.json,9acd0a79c01aad8504b3ec1e76df1396fb638be0c25cea5c6db7a486051515fb
03_现代情感,追妻|恋爱|青梅竹马,2000895148943484547,651450249,有没有什么好看的青梅竹马追妻文？,Ltrain Wu,5515,1.0,260,70,https://www.zhihu.com/question/651450249/answer/2000895148943484547,03_现代情感/2000895148943484547_651450249.txt,03_现代情感/2000895148943484547_651450249.json,6f82cccc9392252fd8d19a254cf1c5ab2ba41046cd6b0379d59e2f3611aa82fc
03_现代情感,结婚|离婚|女友|甜文|白月光,3399276300,458377910,有没有先婚后爱小甜文推荐？,嘘嘘,8564,1.0,214,198,https://www.zhihu.com/question/458377910/answer/3399276300,03_现代情感/3399276300_458377910.txt,03_现代情感/3399276300_458377910.json,71b3112c19c889156c088960c8e57bf0c57b748e569936eee16dc91893cf8d30
03_现代情感,结婚|白月光|替身,1936560102,459071698,有没有白月光打脸替身的文?,小龙瞎,7080,1.0,189,88,https://www.zhihu.com/question/459071698/answer/1936560102,03_现代情感/1936560102_459071698.txt,03_现代情感/1936560102_459071698.json,43a3ba7fabcbec71810eaef274195007cb9400d3a0c009e3d6f2d189a853f040
03_现代情感,霸总|白月光|替身,3394811083,459071698,有没有白月光打脸替身的文?,王攀枝,5711,1.0,118,11,https://www.zhihu.com/question/459071698/answer/3394811083,03_现代情感/3394811083_459071698.txt,03_现代情感/3394811083_459071698.json,128ee9da4569a31e5f9449cca2ab175932aedf1a0e199ee596e4eb833a2db93d
03_现代情感,追妻|结婚|女友|暗恋|青梅竹马,49606389930,5648186201,有没有虐男主的追妻火葬场小说？,不叫鲨鱼,5820,1.0,114,82,https://www.zhihu.com/question/5648186201/answer/49606389930,03_现代情感/49606389930_5648186201.txt,03_现代情感/49606389930_5648186201.json,8a843b5d34c50e843faad25eeea4e4f580c6ddde60cc44d89a9889df03f5227f
03_现代情感,追妻|离婚|破镜重圆,2702473953,492469328,有没有追妻（夫）火葬场，但又破镜重圆的故事？,夏夏,6462,0.95,2094,1613,https://www.zhihu.com/question/492469328/answer/2702473953,03_现代情感/2702473953_492469328.txt,03_现代情感/2702473953_492469328.json,50dc516cbff5bb35e2cf8899f2def5a417203db84b0b4df7410449eb443f9849
03_现代情感,结婚|离婚|相亲|白月光|替身,2919992561,383770385,有哪些女主把男主当替身的小说？,枫叶红时,9236,0.95,501,545,https://www.zhihu.com/question/383770385/answer/2919992561,03_现代情感/2919992561_383770385.txt,03_现代情感/2919992561_383770385.json,63e52d108ede75f0bdc80767c537a773f0420395e9bdd8c0c4be693ffd616388
03_现代情感,豪门|霸总|白月光,3401067964,556518670,有没有有趣的豪门霸总小说？,王攀枝,5711,0.95,473,76,https://www.zhihu.com/question/556518670/answer/3401067964,03_现代情感/3401067964_556518670.txt,03_现代情感/3401067964_556518670.json,128ee9da4569a31e5f9449cca2ab175932aedf1a0e199ee596e4eb833a2db93d
03_现代情感,追妻|破镜重圆|暗恋,23604446258,658053297,追妻火葬场真的能破镜重圆吗？,一颗桑葚子,8425,0.95,394,193,https://www.zhihu.com/question/658053297/answer/23604446258,03_现代情感/23604446258_658053297.txt,03_现代情感/23604446258_658053297.json,08516bb8edb50dd238ba1064d6e886ad3f96cd311c0c6c06bdbac6c840492773
03_现代情感,追妻|离婚|青梅竹马,3114091082,477805519,有什么青梅竹马追夫或者追妻火葬场的小说？（原创）？,拾荒者,6286,0.95,225,88,https://www.zhihu.com/question/477805519/answer/3114091082,03_现代情感/3114091082_477805519.txt,03_现代情感/3114091082_477805519.json,c24fe6e641a06da6677dc85e06bc33b875cf57288fa3b855f46def878979fdd4
03_现代情感,追妻|结婚|破镜重圆,3573552335,658053297,追妻火葬场真的能破镜重圆吗？,十六行诗,5094,0.95,221,108,https://www.zhihu.com/question/658053297/answer/3573552335,03_现代情感/3573552335_658053297.txt,03_现代情感/3573552335_658053297.json,7f43534cb970b7d7037f9327189ee0446044b37ba208f98d419473c3d194f25c
03_现代情感,追妻|男友|青梅竹马,3489389029,424326784,有没有青梅竹马追妻火葬场的小说?,夜的第七梦,6808,0.95,194,51,https://www.zhihu.com/question/424326784/answer/3489389029,03_现代情感/3489389029_424326784.txt,03_现代情感/3489389029_424326784.json,f50f9aae999139aa0f76e9fa0d7f5282203b3e3e1d3436f0c9bf11466ba834e9
03_现代情感,离婚|妻子|霸总|甜文|白月光,3453248957,458377910,有没有先婚后爱小甜文推荐？,鸡蛋灌饼少放辣,6421,0.95,139,75,https://www.zhihu.com/question/458377910/answer/3453248957,03_现代情感/3453248957_458377910.txt,03_现代情感/3453248957_458377910.json,846ee8fea4d9ff9a9b08b0b2b839403379de40ca0069ceff3005a6c168a2fb4d
03_现代情感,女友|前任|相亲,411243515,275536132,相亲见到前任是有多大的几率会死灰复燃？,SunnyDN,6056,0.9,760,192,https://www.zhihu.com/question/275536132/answer/411243515,03_现代情感/411243515_275536132.txt,03_现代情感/411243515_275536132.json,3d61a8d5b26d075c56a54c81a4e39b5024bf4b10268beffb4e29fabdff44fdb0
03_现代情感,甜宠|结婚|离婚|恋爱|白月光,1929310592289715732,668221615,有没有男主他超爱，但是又死装的超级甜宠文？（占有欲强！还爱脑补！）?,白追追,5376,0.9,390,265,https://www.zhihu.com/question/668221615/answer/1929310592289715732,03_现代情感/1929310592289715732_668221615.txt,03_现代情感/1929310592289715732_668221615.json,39d86075a4beaa8af854729971e122b112bc92216002ac8b60a7cb861c43a8f7
03_现代情感,追妻|青梅竹马|白月光,2695118867,477805519,有什么青梅竹马追夫或者追妻火葬场的小说？（原创）？,潆潆康莱,7904,0.9,175,247,https://www.zhihu.com/question/477805519/answer/2695118867,03_现代情感/2695118867_477805519.txt,03_现代情感/2695118867_477805519.json,3fc1d68d11c2cdf36f2faa8da6f68ad875c21443e101a621f0aee8c263ad1828
03_现代情感,追妻|结婚|青梅竹马,3038308747,424326784,有没有青梅竹马追妻火葬场的小说?,顾妍一,6722,0.85,426,485,https://www.zhihu.com/question/424326784/answer/3038308747,03_现代情感/3038308747_424326784.txt,03_现代情感/3038308747_424326784.json,da46d63c1116155e222d45f753024c1304f1f6672d3ce48f5c5eeb8b9b9e407a
03_现代情感,恋爱|校园恋爱,3106910956,56895124,校园恋爱有多甜？,巧克力阿华甜,6562,1.0,10205,8162,https://www.zhihu.com/question/56895124/answer/3106910956,03_现代情感/3106910956_56895124.txt,03_现代情感/3106910956_56895124.json,8cd337c3123a0f20a0680e438765e90a9276a5e5d9c9eb76231b47fbff5fd53e
03_现代情感,病娇|白月光,1910092908968773340,407609343,如果你穿越成了病娇反派的白月光怎么办?,燎月,5268,1.0,9627,5817,https://www.zhihu.com/question/407609343/answer/1910092908968773340,03_现代情感/1910092908968773340_407609343.txt,03_现代情感/1910092908968773340_407609343.json,aa16accb34900264c8c6a084a683c95a6e98183399d7334de203b21393bfbf7d
03_现代情感,病娇|白月光,2149104873,407609343,如果你穿越成了病娇反派的白月光怎么办?,孟秋荼月,8325,1.0,9580,13067,https://www.zhihu.com/question/407609343/answer/2149104873,03_现代情感/2149104873_407609343.txt,03_现代情感/2149104873_407609343.json,2cd391c05fc2833fa55b9e0590a43b21a4093610d6532f02a9b489858be5ad30
03_现代情感,白月光|替身,1603818059,431870645,如何以「原来我只是仙界众仙君的白月光替身」为开头写一个故事？,满目山河依旧,5661,1.0,5152,0,https://www.zhihu.com/question/431870645/answer/1603818059,03_现代情感/1603818059_431870645.txt,03_现代情感/1603818059_431870645.json,4f7b5d8197c4d745cbc7ba003abd4373068b5a61cfaa76709b9fccaea290fd7e
03_现代情感,妻子|豪门|霸总|甜文,3477342251,536490603,有没有甜很甜超甜齁甜的短篇小甜文？,爱喝奶茶的熙熙,9853,1.0,3859,1481,https://www.zhihu.com/question/536490603/answer/3477342251,03_现代情感/3477342251_536490603.txt,03_现代情感/3477342251_536490603.json,249a60be7dc2e0e1d5cf489122b6636918b65bd0789186e08e2d6a7ad54a8e77
03_现代情感,甜宠|豪门,2702088811,528246200,有没有那种豪门甜宠短文？,魔王小团团,5426,1.0,3128,5444,https://www.zhihu.com/question/528246200/answer/2702088811,03_现代情感/2702088811_528246200.txt,03_现代情感/2702088811_528246200.json,b4746366fe5b6f2f8749035b6316f46aee53176da87b15699218b73e72a1efb0
03_现代情感,甜文|青梅竹马,3113766701,487857020,有没有好看的青梅竹马的小甜文？,咻咻咻,8213,1.0,1873,1528,https://www.zhihu.com/question/487857020/answer/3113766701,03_现代情感/3113766701_487857020.txt,03_现代情感/3113766701_487857020.json,2011da371d28ee4dffe8e2b06a1c21d0b16db4459823d3a5106bb4cf4eadde66
03_现代情感,追妻|结婚|离婚|恋爱,2665189828,525548504,救命啊，姐妹们有没有追妻火葬场的书啊？,唔宁宝,7623,1.0,1464,567,https://www.zhihu.com/question/525548504/answer/2665189828,03_现代情感/2665189828_525548504.txt,03_现代情感/2665189828_525548504.json,90e0ef394bf83de6ffe1a7975aec84903697734c50def53d84c06e825b77139a
03_现代情感,追妻|男友|女友|白月光,2146530408,408254252,有没有那种追妻火葬场还追不回来，女主跟别人在一起收获幸福的文?,今尹,6220,1.0,1245,1976,https://www.zhihu.com/question/408254252/answer/2146530408,03_现代情感/2146530408_408254252.txt,03_现代情感/2146530408_408254252.json,d6da0e5929faf0820260971f0e15f0c0b0d166bd7574a0abcdb320e62b9d0975
03_现代情感,追妻|结婚|离婚|青梅竹马,3368375852,408254252,有没有那种追妻火葬场还追不回来，女主跟别人在一起收获幸福的文?,桃花不煮酒,5162,1.0,945,331,https://www.zhihu.com/question/408254252/answer/3368375852,03_现代情感/3368375852_408254252.txt,03_现代情感/3368375852_408254252.json,1a9edeea2c964d18feb132f1afd1d2bbc2e57fcec5b03a3f1b48095e86508e69
03_现代情感,男友|女友|病娇|出轨,111389543331,478559035,有没有好看的病娇文（要真的病娇那种，不要红眼病）?,黑化莲花,7795,1.0,929,459,https://www.zhihu.com/question/478559035/answer/111389543331,03_现代情感/111389543331_478559035.txt,03_现代情感/111389543331_478559035.json,5c8fd9980a9ceccf9a16126ca1af1db6b0e1860c4f5f06180938532b0091176c
03_现代情感,豪门|霸总,1911551260907247433,556511309,有哪些好看的豪门霸总小说？,月薇小兔,5151,1.0,688,574,https://www.zhihu.com/question/556511309/answer/1911551260907247433,03_现代情感/1911551260907247433_556511309.txt,03_现代情感/1911551260907247433_556511309.json,506efd97945f03a48fbfea99563b1bf3e21f3a693ba7a9d23af63cded89f8869
03_现代情感,离婚|豪门|甜文|出轨,59255273576,664344347,有没有一上来就很刺激的甜文推荐？,姜婉兮,5681,1.0,525,321,https://www.zhihu.com/question/664344347/answer/59255273576,03_现代情感/59255273576_664344347.txt,03_现代情感/59255273576_664344347.json,7d70b4feaa4643d09332ed87fcc3df8cd8f5b9e565b0f36982f1dd34e1794f50
03_现代情感,甜文|青梅竹马,3020872643,487857020,有没有好看的青梅竹马的小甜文？,路流,5977,1.0,494,351,https://www.zhihu.com/question/487857020/answer/3020872643,03_现代情感/3020872643_487857020.txt,03_现代情感/3020872643_487857020.json,8e49cf26a850687163c0a622646244b53925d010b2ecac67e83a0a2bcc608781
03_现代情感,结婚|离婚|虐文|白月光,3522111054,481538034,有哪些超级虐文，非常虐，虐到哭泣，上不来气那种虐文？,柚子,9317,1.0,483,214,https://www.zhihu.com/question/481538034/answer/3522111054,03_现代情感/3522111054_481538034.txt,03_现代情感/3522111054_481538034.json,d6123f54316d9762d1181b50a9d4fa06d6136953a32397e9831a0dcb97e5d284
03_现代情感,甜宠|青梅竹马,1746277886,334942432,有哪些青梅竹马甜宠文推荐？,是阿温,5865,1.0,431,2018,https://www.zhihu.com/question/334942432/answer/1746277886,03_现代情感/1746277886_334942432.txt,03_现代情感/1746277886_334942432.json,9319ea54fa51a81e4c23efeda1e4721307ef46f4753bbe85f747107575014cbb
03_现代情感,甜宠|青梅竹马,3281582772,334942432,有哪些青梅竹马甜宠文推荐？,写白衣,5184,1.0,415,255,https://www.zhihu.com/question/334942432/answer/3281582772,03_现代情感/3281582772_334942432.txt,03_现代情感/3281582772_334942432.json,4d8642fafde22f4673e32a838c634e5d225768054f0ccbe5402d182ca7826093
03_现代情感,离婚|暗恋|甜文|白月光,3346963675,506973436,有没有超级好看的小甜文？,小猫海苔卷,5110,1.0,281,239,https://www.zhihu.com/question/506973436/answer/3346963675,03_现代情感/3346963675_506973436.txt,03_现代情感/3346963675_506973436.json,925ce91753d61a074d22d354b5e6e67ed93df4d271425f32817cf4517a84eacb
03_现代情感,前任|虐文|白月光|替身,2968169804,386594644,能不能写一个女主从头到尾都不爱男主的虐文？,云上诗书,7605,1.0,245,75,https://www.zhihu.com/question/386594644/answer/2968169804,03_现代情感/2968169804_386594644.txt,03_现代情感/2968169804_386594644.json,60e6c619a5fbe558e8ec796191242eeef9ae18ed43b7903d1c84e4fc727c9b09
03_现代情感,追妻|婚姻|结婚|病娇,1905317380181177831,494010207,有没有男主偏执成狂占有欲很强的病娇文？,肥肠想睡觉,8455,1.0,230,140,https://www.zhihu.com/question/494010207/answer/1905317380181177831,03_现代情感/1905317380181177831_494010207.txt,03_现代情感/1905317380181177831_494010207.json,b53dcadeb9ef4b55f92ec53c6e54fc5b32da79df9cfb21ecbff5158681df5592
03_现代情感,结婚|离婚|破镜重圆|白月光,3189994609,311698073,有没有那种破镜重圆的小说推荐呀？,狐狸尾巴,7107,1.0,212,62,https://www.zhihu.com/question/311698073/answer/3189994609,03_现代情感/3189994609_311698073.txt,03_现代情感/3189994609_311698073.json,29b0c59e16b9d565de4b155cda78af99e6a3a368c7cecf5c483b72edc59561d9
03_现代情感,男友|出轨,3345640973,613987716,本人男友公务员（纪委岗）出轨，可以去纪委举报他未婚出轨吗?,懂懂不懂,7370,1.0,157,21,https://www.zhihu.com/question/613987716/answer/3345640973,03_现代情感/3345640973_613987716.txt,03_现代情感/3345640973_613987716.json,00301367aa3500e4612c0086c634ba189a205bf392d6a7a6f6305190b319f7bc
03_现代情感,结婚|离婚|甜文|白月光,2008965559069459274,462480016,有没有甜到在床上打滚的完结甜文？,熊猫星辰,6037,1.0,146,79,https://www.zhihu.com/question/462480016/answer/2008965559069459274,03_现代情感/2008965559069459274_462480016.txt,03_现代情感/2008965559069459274_462480016.json,7ff3245047a123b6ba1780b9256c5e624e0b94cc07ee2d3b45d02cb2c8cfc2fa
03_现代情感,妻子|病娇,3280443954,628952185,如何以「穿成病娇反派的第一任妻子，我现在有点慌」为开头写个故事？,水果冰挺好吃,5064,1.0,146,44,https://www.zhihu.com/question/628952185/answer/3280443954,03_现代情感/3280443954_628952185.txt,03_现代情感/3280443954_628952185.json,f95dca6cd99db05d9e4781de60de0dfc7e17a3821d8f311aa15d0889479ccbc8
03_现代情感,追妻|离婚|白月光|替身,3572163548,653033341,追妻火葬场真的追得回来嘛？,来一桶空空,5255,1.0,132,94,https://www.zhihu.com/question/653033341/answer/3572163548,03_现代情感/3572163548_653033341.txt,03_现代情感/3572163548_653033341.json,8bf1a20452ed1894a5c672b229022a0109e10f77df5bf7df90f65af5045dd00f
03_现代情感,甜宠|恋爱|霸总|白月光,20277415335,556517896,有没有超级好看的甜宠小说？,萌贵妃,6810,0.98,174,103,https://www.zhihu.com/question/556517896/answer/20277415335,03_现代情感/20277415335_556517896.txt,03_现代情感/20277415335_556517896.json,139207f9bc3d37fae802e38ed03a048e5b6de737dc2132ebbb8c7d63761e1561
03_现代情感,妻子|病娇,3386401071,628952185,如何以「穿成病娇反派的第一任妻子，我现在有点慌」为开头写个故事？,阿狐,5828,0.95,16053,7176,https://www.zhihu.com/question/628952185/answer/3386401071,03_现代情感/3386401071_628952185.txt,03_现代情感/3386401071_628952185.json,af3f72e58c59532d9d591057995445a7b0891502d5d4daff5af86bdd0e580537
03_现代情感,虐文|青梅竹马,3251010041,487957384,有关于青梅竹马的小虐文吗？,樱胡柰朱,6648,0.95,15960,8207,https://www.zhihu.com/question/487957384/answer/3251010041,03_现代情感/3251010041_487957384.txt,03_现代情感/3251010041_487957384.json,70c0dc77aa8ac96045541bcf10b7996e9c0090f6a8dd317e572a6f7369dbe662
03_现代情感,男友|病娇,2551383545,386851696,有一个病娇男友(老公)是一种怎样的体验?,,6165,0.95,7728,5587,https://www.zhihu.com/question/386851696/answer/2551383545,03_现代情感/2551383545_386851696.txt,03_现代情感/2551383545_386851696.json,f35022c2689e3d5b0ac2e01f03463a58578c0cb40329a32f70266a8cb83a203f
03_现代情感,甜文|青梅竹马,2509951331,521120026,有没有青梅竹马的甜文?,寒天奶冻,9810,0.95,6859,3226,https://www.zhihu.com/question/521120026/answer/2509951331,03_现代情感/2509951331_521120026.txt,03_现代情感/2509951331_521120026.json,04eb10fa9bd748738311050c867156d384ec336681adc001e90c677832531eab
03_现代情感,男友|病娇,2386365228,386851696,有一个病娇男友(老公)是一种怎样的体验?,阿绥手札,8857,0.95,4154,4231,https://www.zhihu.com/question/386851696/answer/2386365228,03_现代情感/2386365228_386851696.txt,03_现代情感/2386365228_386851696.json,d91fcdb5651b986caa332376776bbf52dc4550262768c17c4a385530880875b5
03_现代情感,追妻|结婚|离婚|男友,2561260521,458474952,有没有那种虐妻一时爽，追妻火葬场的小说？,暮山溪,8012,0.95,3639,2096,https://www.zhihu.com/question/458474952/answer/2561260521,03_现代情感/2561260521_458474952.txt,03_现代情感/2561260521_458474952.json,007bc179f773b6312552bcb70947b021e3301fd648e3bd600993429e1d623042
03_现代情感,结婚|男友|病娇|白月光,3459095020,476187441,有没有病娇文?！！！！？,啦啦啦,5346,0.95,3457,1818,https://www.zhihu.com/question/476187441/answer/3459095020,03_现代情感/3459095020_476187441.txt,03_现代情感/3459095020_476187441.json,7788930485644823aed154ce0150e603aa8cd519523b38fbee2917ca42c43bc7
03_现代情感,丈夫|妻子|豪门|病娇,3525088069,378449678,被病娇喜欢是一种什么感觉？,青霜,5332,0.95,1024,665,https://www.zhihu.com/question/378449678/answer/3525088069,03_现代情感/3525088069_378449678.txt,03_现代情感/3525088069_378449678.json,909d5749ee4d96de03dea16d2f3de0b87dbe5d45e8eacc2a556c9d2b1048397f
03_现代情感,虐文|青梅竹马,2730405651,487957384,有关于青梅竹马的小虐文吗？,许以归,8325,0.95,908,460,https://www.zhihu.com/question/487957384/answer/2730405651,03_现代情感/2730405651_487957384.txt,03_现代情感/2730405651_487957384.json,0b0be394253f1f1723d4aa7e0c3f7843a838f20a379a7a6f94f56591a3ae506c
03_现代情感,追妻|恋爱|女友|前任,3114823782,570956297,追妻火葬场一定能追回来吗？,丁十三,5506,0.95,688,496,https://www.zhihu.com/question/570956297/answer/3114823782,03_现代情感/3114823782_570956297.txt,03_现代情感/3114823782_570956297.json,32978d2fc56125d6cca45c5eb742e0f630e9017655e96a7920f6385b4a469449
03_现代情感,结婚|破镜重圆|相亲|白月光,3073650066,519136122,有哪些好看的破镜重圆文？,春林溪,6381,0.95,637,370,https://www.zhihu.com/question/519136122/answer/3073650066,03_现代情感/3073650066_519136122.txt,03_现代情感/3073650066_519136122.json,862db41d1f4149d0c9a97b2e322d1e0cd844029e46a747b9a6d7e369513f83ee
03_现代情感,恋爱|甜文,11661141026,610105106,有没有完结的甜文，男主恋爱脑那种？,寻笙,5133,0.95,565,405,https://www.zhihu.com/question/610105106/answer/11661141026,03_现代情感/11661141026_610105106.txt,03_现代情感/11661141026_610105106.json,8d899068be2847c8391ef7e5665599ee19d2e73fe760b335ef9641df0dfca831
03_现代情感,追妻|结婚|恋爱|白月光,38918852906,650459093,追妻火葬场真的可以追回来嘛？,七色花,6676,0.95,409,61,https://www.zhihu.com/question/650459093/answer/38918852906,03_现代情感/38918852906_650459093.txt,03_现代情感/38918852906_650459093.json,522ccdc437e0fc8c10bcdf60b277136e927bea81a011e7c63e29309babfc67a8
03_现代情感,甜宠|婚姻|离婚|青梅竹马,2239540892,482573671,有没有甜到让人小鹿乱撞的甜宠文？,笙眠,7172,0.95,385,303,https://www.zhihu.com/question/482573671/answer/2239540892,03_现代情感/2239540892_482573671.txt,03_现代情感/2239540892_482573671.json,c6f994a173ca46826070cabcd6ed4beacefa816cf03016e640a794c34ac17e27
03_现代情感,豪门|霸总,1907934861802582787,556518670,有没有有趣的豪门霸总小说？,斐琢,6441,0.95,354,275,https://www.zhihu.com/question/556518670/answer/1907934861802582787,03_现代情感/1907934861802582787_556518670.txt,03_现代情感/1907934861802582787_556518670.json,0f76d7683a4c38188fdbfe47558e0d104e5e5130f13f50a7197713613316ecd4
03_现代情感,恋爱|甜文,1948328199130952856,610105106,有没有完结的甜文，男主恋爱脑那种？,柒喵喵,5017,0.95,283,58,https://www.zhihu.com/question/610105106/answer/1948328199130952856,03_现代情感/1948328199130952856_610105106.txt,03_现代情感/1948328199130952856_610105106.json,5f8e796ba9ab641f6c3d2806996b7f782698ba23f5543b4a086be6084bbaf994
03_现代情感,离婚|妻子|前任|甜文,3248005174,528909931,有没有超级甜的小甜文？,冰箱里的灯,5623,0.95,166,93,https://www.zhihu.com/question/528909931/answer/3248005174,03_现代情感/3248005174_528909931.txt,03_现代情感/3248005174_528909931.json,2b3a28a4c441d49511be2cf9d04968b1cceeb45ad621c8f36e6fa444e0965f91
03_现代情感,妻子|病娇|白月光|替身,3562958387,394246458,有没有男主一开始心里就有白月光的言情小说?,星泉,5255,0.95,150,78,https://www.zhihu.com/question/394246458/answer/3562958387,03_现代情感/3562958387_394246458.txt,03_现代情感/3562958387_394246458.json,77d9ae765ce9b6a6d601441f70f463786d457763984f808abdef26bceeb3611d
03_现代情感,追妻|结婚|丈夫|青梅竹马,3590386891,659858324,有没有好看的追妻火葬场文？？,一条小鱼,5033,0.95,131,67,https://www.zhihu.com/question/659858324/answer/3590386891,03_现代情感/3590386891_659858324.txt,03_现代情感/3590386891_659858324.json,2b19645fb236d55606972e8f65cffa23b211bb772358bd9509fba37cc1fa2f47
03_现代情感,恋爱|甜文,2026973400535442786,1900320167961035277,有没有恋爱脑类型的男主！超级宠女主的甜文！?,绯意所思,6078,0.95,117,65,https://www.zhihu.com/question/1900320167961035277/answer/2026973400535442786,03_现代情感/2026973400535442786_1900320167961035277.txt,03_现代情感/2026973400535442786_1900320167961035277.json,12bd47d0c552da15f5e2e62c17872bd0146c3bf01fe9b3faf21af4ac2f38c9ad
03_现代情感,男友|女友|白月光|替身,2499788946,437395484,如何写一篇「男主把女主当替身，然后发现自己也是替身」的文？,小金鱼,5443,0.95,104,198,https://www.zhihu.com/question/437395484/answer/2499788946,03_现代情感/2499788946_437395484.txt,03_现代情感/2499788946_437395484.json,e071bdb1e3ac2c6fd9de0c1d4180736e0bf77b735bde539a00a01761bca92944
03_现代情感,离婚|男友|前任|甜文,1979583593731868178,372522978,有没有轻松搞笑甜文？,绯意所思,5888,0.95,101,76,https://www.zhihu.com/question/372522978/answer/1979583593731868178,03_现代情感/1979583593731868178_372522978.txt,03_现代情感/1979583593731868178_372522978.json,a2e51bc7419fe080e278248d096339178135fff49cddea2a8aa6e6b3eea36fe2
03_现代情感,追妻|男友|女友|替身,3506738950,653545819,有没有什么追妻火葬场的爆款短篇推荐，要女主不原谅渣男的那种，独自美丽或者选其他人都行？,星子,3286,0.95,15,7,https://www.zhihu.com/question/653545819/answer/3506738950,03_现代情感/3506738950_653545819.txt,03_现代情感/3506738950_653545819.json,caec1f3f4dd3a69018abcae055a96da2719e8d0238a36cc9c12df2012cfffe76
03_现代情感,婚姻|离婚|妻子|出轨,781213583,335946791,你正在经历怎样的婚姻生活？,斯真,5139,0.9,4686,753,https://www.zhihu.com/question/335946791/answer/781213583,03_现代情感/781213583_335946791.txt,03_现代情感/781213583_335946791.json,890466947eeb3d0f6edd6125f792109dd7d60e0b1284b906742c3b40c3cde37f
03_现代情感,甜文|青梅竹马,2765740346,521120026,有没有青梅竹马的甜文?,不知名网友,8363,0.9,1968,2246,https://www.zhihu.com/question/521120026/answer/2765740346,03_现代情感/2765740346_521120026.txt,03_现代情感/2765740346_521120026.json,e405e57b7ba64a3391ffd16bb4007b734b3758568ac2a7a2535e303ba260127d
03_现代情感,结婚|恋爱|女友|丈夫,4722647384,630435228,有没有女主理智冷静不恋爱脑的文？,提灯问鹿,5270,0.9,556,140,https://www.zhihu.com/question/630435228/answer/4722647384,03_现代情感/4722647384_630435228.txt,03_现代情感/4722647384_630435228.json,42264c1d70de649b4322cb62bab874f898680341bba47297d7d0e32740481e5f
03_现代情感,追妻|青梅竹马,43197272366,651450249,有没有什么好看的青梅竹马追妻文？,冷舒,6983,0.9,371,145,https://www.zhihu.com/question/651450249/answer/43197272366,03_现代情感/43197272366_651450249.txt,03_现代情感/43197272366_651450249.json,d580ea5fbe7d0854063e350b0617e0e30603533cb88a9045765888db561c193f
03_现代情感,婚姻|离婚,1929260962629783892,302260156,婚姻到了什么地步就该离婚了？,樱铁村村花,6007,0.9,140,34,https://www.zhihu.com/question/302260156/answer/1929260962629783892,03_现代情感/1929260962629783892_302260156.txt,03_现代情感/1929260962629783892_302260156.json,690a7e7a7a8909a80468e6f15ce304d3e93f983ae30c1c5598bcb70443d7d34d
03_现代情感,甜文|白月光|替身,2370705527,515788289,有没有能让人笑得好大声的沙雕文搞笑甜文啊？,风触琴鸣,6331,1.0,7308,7655,https://www.zhihu.com/question/515788289/answer/2370705527,03_现代情感/2370705527_515788289.txt,03_现代情感/2370705527_515788289.json,5bf593a918108a3d8b250a0d201d833cfdb22f7d8db600cae9af2c8bb038d31b
03_现代情感,追妻|离婚|白月光,3453429052,570956297,追妻火葬场一定能追回来吗？,桑桑,5260,1.0,4157,277,https://www.zhihu.com/question/570956297/answer/3453429052,03_现代情感/3453429052_570956297.txt,03_现代情感/3453429052_570956297.json,59ba224e59cb9b82a5fd89136d84d10da96563dd2a61bc256b671c6930d0525d
03_现代情感,结婚|丈夫|病娇,2018393829007384881,476187441,有没有病娇文?！！！！？,异想奇妙物语,7658,1.0,3769,1855,https://www.zhihu.com/question/476187441/answer/2018393829007384881,03_现代情感/2018393829007384881_476187441.txt,03_现代情感/2018393829007384881_476187441.json,c371519656fc1b24650b8905a65a819d9f0cfc6eba9f29ae38668bfa3395cf9e
03_现代情感,离婚|丈夫|病娇,3542215653,476209616,有没有男主是病娇并且非常粘人的文？,红眼doggie,6838,1.0,3577,2575,https://www.zhihu.com/question/476209616/answer/3542215653,03_现代情感/3542215653_476209616.txt,03_现代情感/3542215653_476209616.json,9a5e4460b51375e63790c87d2b3918a213106bbff372b4d2c22a57e6bda11669
03_现代情感,男友|霸总|甜文,2784654124,515787316,有没有什么甜到齁的小甜文？,笙笙不息,5663,1.0,3428,4174,https://www.zhihu.com/question/515787316/answer/2784654124,03_现代情感/2784654124_515787316.txt,03_现代情感/2784654124_515787316.json,5d4ad062a0fdc3007507336ac9ab6440af616626440a2188bc025b8a3ffb6a4e
03_现代情感,婚姻|结婚|相亲,101096789104,335946791,你正在经历怎样的婚姻生活？,今天你开心吗,6980,1.0,2803,1418,https://www.zhihu.com/question/335946791/answer/101096789104,03_现代情感/101096789104_335946791.txt,03_现代情感/101096789104_335946791.json,d1b870417160141b8ff5a26e08c82df76cb7f5fa901ec9884676aea77747d873
03_现代情感,前任|甜文|相亲,2516399163,520786007,有什么好看的甜文推荐吗？,橘子糖,7424,1.0,2436,3316,https://www.zhihu.com/question/520786007/answer/2516399163,03_现代情感/2516399163_520786007.txt,03_现代情感/2516399163_520786007.json,59a2eee7ac8e52d93da64428b6631f050232af4219432c0a9096e2232880360c
03_现代情感,恋爱|男友|甜文,2281708971,490441617,有没有那种超级甜的小甜文！！？,数字七,7475,1.0,2378,3902,https://www.zhihu.com/question/490441617/answer/2281708971,03_现代情感/2281708971_490441617.txt,03_现代情感/2281708971_490441617.json,7c93b0bddc9319cd65601597d9b43d86178e3480b2e57ce7d909668a6b6a6ac0
03_现代情感,破镜重圆|青梅竹马|白月光,3125382252,519136122,有哪些好看的破镜重圆文？,兔斯拉,6922,1.0,1774,1119,https://www.zhihu.com/question/519136122/answer/3125382252,03_现代情感/3125382252_519136122.txt,03_现代情感/3125382252_519136122.json,59cc6718e3d7462c658ae743673ac724c37b4158db705982fa2626a0c5c52f68
03_现代情感,男友|暗恋|白月光,2902366309,54521601,有没有那种男主暗恋女主很久，一步步让女主爱上自己的小说？,国家一级摸鱼学者,9469,1.0,1640,1169,https://www.zhihu.com/question/54521601/answer/2902366309,03_现代情感/2902366309_54521601.txt,03_现代情感/2902366309_54521601.json,60cede6574da8d58960330f2a82efd1aa38fc3931ef8da1416be8750dadc6041
03_现代情感,前任|白月光|替身,2510379652,391074156,如果你是替身文的替身，你会怎么做？,啃书不如啃包子,5450,1.0,1464,1704,https://www.zhihu.com/question/391074156/answer/2510379652,03_现代情感/2510379652_391074156.txt,03_现代情感/2510379652_391074156.json,0c20ae2a098dd0e3d639dc2eab7661f05f6db79cf2587eee4ca629929859725e
03_现代情感,恋爱|男友|甜文,2694735838,338312647,有关娱乐圈的甜文推荐？,九乐,5197,1.0,1402,1957,https://www.zhihu.com/question/338312647/answer/2694735838,03_现代情感/2694735838_338312647.txt,03_现代情感/2694735838_338312647.json,0e8a058200ed35d0d6ff29866dcad2047b5089e193fa91b7226d48fc20c3ea5f
03_现代情感,追妻|离婚|女友,2884395711,525548504,救命啊，姐妹们有没有追妻火葬场的书啊？,桃气大魔王,5931,1.0,1350,1728,https://www.zhihu.com/question/525548504/answer/2884395711,03_现代情感/2884395711_525548504.txt,03_现代情感/2884395711_525548504.json,d6197dd4b9cdd690dfd5cd627575f49d12a01f5589b73cb90e4e175ef8f4271c
03_现代情感,追妻|结婚|丈夫,2806390690,429604224,有没有追妻火葬场，结果女主爱上别人，嫁给别人的文？,温溪,5519,1.0,1289,643,https://www.zhihu.com/question/429604224/answer/2806390690,03_现代情感/2806390690_429604224.txt,03_现代情感/2806390690_429604224.json,18aba665629a1ce3718d6153f7bfe5c4c51be9efa7114eb6d8eafe7758d4cfd6
04_末世科幻,末世|丧尸|囤货,2615111445,522700073,有丧尸末日疯狂囤货的爽文小说吗？,女二号,6360,0.95,3854,9325,https://www.zhihu.com/question/522700073/answer/2615111445,04_末世科幻/2615111445_522700073.txt,04_末世科幻/2615111445_522700073.json,fab36f67d8caccd02ac10ed3f86935d3be75ba2576dadc341a02a3d2c5a603c2
04_末世科幻,末世|丧尸|囤货,3406830411,522700073,有丧尸末日疯狂囤货的爽文小说吗？,落水的叶子,8019,0.95,914,206,https://www.zhihu.com/question/522700073/answer/3406830411,04_末世科幻/3406830411_522700073.txt,04_末世科幻/3406830411_522700073.json,15f8d75687f1c199983a576dacdd2da72198bbcf3e3a92948e8fecea454ce825
04_末世科幻,末世|丧尸|囤货,2685168447,522700073,有丧尸末日疯狂囤货的爽文小说吗？,枇杷甜不甜,8215,0.95,723,363,https://www.zhihu.com/question/522700073/answer/2685168447,04_末世科幻/2685168447_522700073.txt,04_末世科幻/2685168447_522700073.json,f7cce30d04877f7cd713f3043a2794b9ae01c892b862684151e6d865c5fbc2f2
04_末世科幻,末世|丧尸,2785707587,351553123,有没有好看的末世/丧尸小说?,一颗大苹果,5578,1.0,507,687,https://www.zhihu.com/question/351553123/answer/2785707587,04_末世科幻/2785707587_351553123.txt,04_末世科幻/2785707587_351553123.json,4f082d648c80978e7074f7aae94b93709e19c1fc025d8ebf155f78d54aecf34e
04_末世科幻,末世|丧尸,3306280533,351553123,有没有好看的末世/丧尸小说?,多睡十分钟,8504,1.0,315,82,https://www.zhihu.com/question/351553123/answer/3306280533,04_末世科幻/3306280533_351553123.txt,04_末世科幻/3306280533_351553123.json,45bd4c3ed1690aae8bb21cce8bf3a7e8f6c5115238434a9220551c5b778c1c5c
04_末世科幻,末世|丧尸,2567964885,351553123,有没有好看的末世/丧尸小说?,尘二二,5799,0.95,5263,8995,https://www.zhihu.com/question/351553123/answer/2567964885,04_末世科幻/2567964885_351553123.txt,04_末世科幻/2567964885_351553123.json,80d963c98f82cfb2574144d61e46b42321785c99ec4f9cb5aa93ece04b27d732
04_末世科幻,末世|丧尸,2600779703,352071986,有没有好看的完结末世丧尸文？,拂蝶,9087,0.95,4061,2254,https://www.zhihu.com/question/352071986/answer/2600779703,04_末世科幻/2600779703_352071986.txt,04_末世科幻/2600779703_352071986.json,040786cf04586cb4bb11b4f4530fdcca5011b42e33e51565c04634832fff6c13
04_末世科幻,末世|丧尸,2523449086,352071986,有没有好看的完结末世丧尸文？,十四夜,8015,0.95,2677,1973,https://www.zhihu.com/question/352071986/answer/2523449086,04_末世科幻/2523449086_352071986.txt,04_末世科幻/2523449086_352071986.json,8fe8887dd0cce0d9ff00071b64ff254b188d96cb2d298aad9cdc99ff0161cc46
04_末世科幻,末世|丧尸,2690943322,352071986,有没有好看的完结末世丧尸文？,木一木,6302,0.95,2110,1816,https://www.zhihu.com/question/352071986/answer/2690943322,04_末世科幻/2690943322_352071986.txt,04_末世科幻/2690943322_352071986.json,6f3521106feb0d3ae6d5796223a3add2eae0d493b769851aa07f99365e5e7611
04_末世科幻,丧尸|囤货,2609804812,545351726,有没有好看的末日囤货丧尸求生文？,稚知,7891,0.95,1647,3040,https://www.zhihu.com/question/545351726/answer/2609804812,04_末世科幻/2609804812_545351726.txt,04_末世科幻/2609804812_545351726.json,fe0c047c97311604e44c0f2ec7929773d3c491b0ab84d256a00fbeb6b95ecf06
04_末世科幻,丧尸|囤货,2594071911,545351726,有没有好看的末日囤货丧尸求生文？,叙利亚悍妇,9972,0.95,470,418,https://www.zhihu.com/question/545351726/answer/2594071911,04_末世科幻/2594071911_545351726.txt,04_末世科幻/2594071911_545351726.json,842c44307203b6c0d50df0a43edb9b0ca0145ed7aac63ea4c05fa7b5a09a95e7
04_末世科幻,丧尸|囤货,2670420185,545351726,有没有好看的末日囤货丧尸求生文？,加一,7049,0.95,435,191,https://www.zhihu.com/question/545351726/answer/2670420185,04_末世科幻/2670420185_545351726.txt,04_末世科幻/2670420185_545351726.json,a83fc1acffa80eae56bc1113d0fb4c3afd3ba17f33dca40d9b519dcc45e8301a
04_末世科幻,末世|丧尸|囤货,2643317676,526350871,有没有末日丧尸的文？囤物资躺平的那种？,荔枝芝芝,7018,1.0,163,232,https://www.zhihu.com/question/526350871/answer/2643317676,04_末世科幻/2643317676_526350871.txt,04_末世科幻/2643317676_526350871.json,d8eb441549559a717801f2fc2607c9928998456fee6d0be09fc48e8a44c6c270
04_末世科幻,末世|丧尸|囤货,2686300592,526350871,有没有末日丧尸的文？囤物资躺平的那种？,南风,5793,0.95,383,290,https://www.zhihu.com/question/526350871/answer/2686300592,04_末世科幻/2686300592_526350871.txt,04_末世科幻/2686300592_526350871.json,a22b1b2dc7f0d0971b3a16cd93f30050e5f2ab58075a309381565ee6ce84a2a1
04_末世科幻,末世|丧尸,2549829142,355716897,你知道丧尸明天爆发了，还有短短五六个小时你会怎么做？,连役,5058,1.0,8064,6057,https://www.zhihu.com/question/355716897/answer/2549829142,04_末世科幻/2549829142_355716897.txt,04_末世科幻/2549829142_355716897.json,3e0f8ca33670795508635026dc62c62f1a2946274ae40a898b992f53f6605902
04_末世科幻,末世|丧尸,2566493450,367348766,如果我国爆发丧尸病毒，会很快沦陷吗?,茉子猫,5823,1.0,7512,9270,https://www.zhihu.com/question/367348766/answer/2566493450,04_末世科幻/2566493450_367348766.txt,04_末世科幻/2566493450_367348766.json,dc1fb964a12b620f509bf195259858c67dfc1beed560048bb6e3879e60cfbfb4
04_末世科幻,末世|丧尸,2753258903,50416613,有没有什么比较好的丧尸小说？,归海东容,5794,1.0,6978,3950,https://www.zhihu.com/question/50416613/answer/2753258903,04_末世科幻/2753258903_50416613.txt,04_末世科幻/2753258903_50416613.json,8c22adaec34c84e6bffa521db1e64b46efe174d32048d79afcfdb2e5dbf0e241
04_末世科幻,末世|丧尸,3478571697,50416613,有没有什么比较好的丧尸小说？,指尖生华,7703,1.0,3860,1479,https://www.zhihu.com/question/50416613/answer/3478571697,04_末世科幻/3478571697_50416613.txt,04_末世科幻/3478571697_50416613.json,ba0fb4d35a358dffc12f1223b237a5e2ace3535a59d7b7674deb8a052ea4f431
04_末世科幻,丧尸|囤货,2713666724,540354406,遇到丧尸末日，你会怎么活下去？,蟹蟹,8768,1.0,968,1164,https://www.zhihu.com/question/540354406/answer/2713666724,04_末世科幻/2713666724_540354406.txt,04_末世科幻/2713666724_540354406.json,3e76e4f5fa5ab260f55aa480535c530858880fda1aae73baad806666a9f98f96
04_末世科幻,末世|丧尸,3463271053,531341518,有没有屯物狂丧尸末日小说？,钱篓子搂健康,6004,1.0,966,649,https://www.zhihu.com/question/531341518/answer/3463271053,04_末世科幻/3463271053_531341518.txt,04_末世科幻/3463271053_531341518.json,bf356e891e3dfc478c49eeed5dd2547eb83e460d9e28bc0d83d33503f8ad342b
04_末世科幻,末世|丧尸,2753859123,540354406,遇到丧尸末日，你会怎么活下去？,打盹,7102,1.0,914,1081,https://www.zhihu.com/question/540354406/answer/2753859123,04_末世科幻/2753859123_540354406.txt,04_末世科幻/2753859123_540354406.json,cf26ec9e231c4d6d90e46cd5b5e0fa31c5a42e9a208baba1ca993388303edaa2
04_末世科幻,末世|丧尸,2712916454,472115267,有末日躺平的丧尸小说吗?,西顾西顾,5354,1.0,811,1026,https://www.zhihu.com/question/472115267/answer/2712916454,04_末世科幻/2712916454_472115267.txt,04_末世科幻/2712916454_472115267.json,601e38c35e8bbab7f1280de275d6c03f240a091548b0f65fc489e360989111e6
04_末世科幻,末世|丧尸,3229067467,378602242,有没有真实一点的末日丧尸小说?,暮子规,5549,1.0,718,346,https://www.zhihu.com/question/378602242/answer/3229067467,04_末世科幻/3229067467_378602242.txt,04_末世科幻/3229067467_378602242.json,7510425014909930bb8891a025df74f7ffe8deb1dea76877ef5936922cc87c15
04_末世科幻,末世|丧尸,2679226180,541366494,有没有末日躺平不圣母的丧尸文？,nekotaame,9512,1.0,677,807,https://www.zhihu.com/question/541366494/answer/2679226180,04_末世科幻/2679226180_541366494.txt,04_末世科幻/2679226180_541366494.json,a13a9fff80f9b792ebaf7c7a031b9f2c7600bb81b14abc340fa9a9203166dd0c
04_末世科幻,末世|丧尸,2704082884,470721704,有没有那种甜甜的丧尸文？,莺时,5240,1.0,661,1103,https://www.zhihu.com/question/470721704/answer/2704082884,04_末世科幻/2704082884_470721704.txt,04_末世科幻/2704082884_470721704.json,89ca8126ddaed40a3ee3c753fc0927a14c5281deb60e5156142249236c60d828
04_末世科幻,末世|丧尸,3123325301,541366494,有没有末日躺平不圣母的丧尸文？,荼茶,6465,1.0,568,43,https://www.zhihu.com/question/541366494/answer/3123325301,04_末世科幻/3123325301_541366494.txt,04_末世科幻/3123325301_541366494.json,79b13980fc8967762e978d8ed388cbd378c9167d3503c323c9a1acc5d6161823
04_末世科幻,末世|丧尸,3178602070,531341518,有没有屯物狂丧尸末日小说？,松间鹤影,8795,1.0,558,364,https://www.zhihu.com/question/531341518/answer/3178602070,04_末世科幻/3178602070_531341518.txt,04_末世科幻/3178602070_531341518.json,8df3d57444af0ecf878464150f0d1ccd26f90b4fc0a391d96efc8dd3ed491c23
04_末世科幻,末世|丧尸,2682486696,541366494,有没有末日躺平不圣母的丧尸文？,张大白是小可爱,9482,1.0,409,1099,https://www.zhihu.com/question/541366494/answer/2682486696,04_末世科幻/2682486696_541366494.txt,04_末世科幻/2682486696_541366494.json,ceec5a81a03c2bff03548a91f05e8b68b14fa9e1a5d9e6b5b321f99b627cd66a
04_末世科幻,丧尸|囤货,2656892838,544788152,有没有末日躺平的丧尸小说？,薄荷白桃,5195,1.0,355,400,https://www.zhihu.com/question/544788152/answer/2656892838,04_末世科幻/2656892838_544788152.txt,04_末世科幻/2656892838_544788152.json,ef7c10a4f88d55dc952ed26bd81dc9e5522d69b72771a3f822c486b523f1880e
04_末世科幻,末世|丧尸,3119948540,540354406,遇到丧尸末日，你会怎么活下去？,婉拒了哈,7402,1.0,321,256,https://www.zhihu.com/question/540354406/answer/3119948540,04_末世科幻/3119948540_540354406.txt,04_末世科幻/3119948540_540354406.json,cc3fcf997e6563575b8cd5708ff01acc93b1ea587e6d128d615c8852abbea022
04_末世科幻,末世|囤货,3080949036,550855655,有没有末日囤货爽文？,顾妍一,8462,1.0,295,79,https://www.zhihu.com/question/550855655/answer/3080949036,04_末世科幻/3080949036_550855655.txt,04_末世科幻/3080949036_550855655.json,f1fe49497ac7ca94f4cc5185d32119e71185662cf7d28855803ca0c0a72aa63d
04_末世科幻,丧尸|囤货,2956396896,550855655,有没有末日囤货爽文？,番茄乌梅,9626,1.0,288,41,https://www.zhihu.com/question/550855655/answer/2956396896,04_末世科幻/2956396896_550855655.txt,04_末世科幻/2956396896_550855655.json,8e7ad97e3f2d2235f787705e3147b9bc40c9fe00ef780dbf44083077e7016b96
04_末世科幻,末世|丧尸,2912253538,526350871,有没有末日丧尸的文？囤物资躺平的那种？,花葬,6151,1.0,279,186,https://www.zhihu.com/question/526350871/answer/2912253538,04_末世科幻/2912253538_526350871.txt,04_末世科幻/2912253538_526350871.json,e54e5aa6d3ff65e5d19ee4bd37054cf58adbac609a0196bed7d1f0fedf929de8
04_末世科幻,末世|丧尸,3346037983,378602242,有没有真实一点的末日丧尸小说?,螃蟹吐沫沫,5018,1.0,191,116,https://www.zhihu.com/question/378602242/answer/3346037983,04_末世科幻/3346037983_378602242.txt,04_末世科幻/3346037983_378602242.json,0e77e02ddbe1abdb37f870f432bae9a8e980b7c6154c64efa3ef164275d8b6e6
04_末世科幻,末世|丧尸,2621507713,472115267,有末日躺平的丧尸小说吗?,张大白,9808,0.98,438,1510,https://www.zhihu.com/question/472115267/answer/2621507713,04_末世科幻/2621507713_472115267.txt,04_末世科幻/2621507713_472115267.json,773474bc839d0afea60bbf27bdca6b031b134ba125f19e0afe8c8588787cbd8e
04_末世科幻,丧尸|囤货,3160097080,64232240,当全世界都爆发丧尸，哪里最安全？,王世昌,9550,0.95,490,98,https://www.zhihu.com/question/64232240/answer/3160097080,04_末世科幻/3160097080_64232240.txt,04_末世科幻/3160097080_64232240.json,c4c6cb4c58d0b11a1ab0a3999d57903a09f385ecb9a8f3ddf2b0cbf491c5486d
04_末世科幻,丧尸|囤货,3309789694,524061596,在末日丧尸屯物躺平中，最大的问题是什么？,拾年,9858,0.95,169,44,https://www.zhihu.com/question/524061596/answer/3309789694,04_末世科幻/3309789694_524061596.txt,04_末世科幻/3309789694_524061596.json,3a62612e5d8b8c37f8ea9ecac9efa789cf47d42f145fe721e75becf984c6206e
04_末世科幻,末世|丧尸,2586025742,50416613,有没有什么比较好的丧尸小说？,好甜鸭,5346,0.9,678,821,https://www.zhihu.com/question/50416613/answer/2586025742,04_末世科幻/2586025742_50416613.txt,04_末世科幻/2586025742_50416613.json,da11c529730fe244257ef23edcfd6b838edc8056d50a4ac8d4ef78537dd3a076
04_末世科幻,末世|丧尸,2736161677,470721704,有没有那种甜甜的丧尸文？,咚咚锵,9497,0.9,378,653,https://www.zhihu.com/question/470721704/answer/2736161677,04_末世科幻/2736161677_470721704.txt,04_末世科幻/2736161677_470721704.json,048ccbfb14f321cc38e22f5dd71dadf5c8c8c6fe62caccb1970fdac4311a1b9c
04_末世科幻,末世|丧尸,2584060947,470721704,有没有那种甜甜的丧尸文？,屿山,8934,0.9,322,424,https://www.zhihu.com/question/470721704/answer/2584060947,04_末世科幻/2584060947_470721704.txt,04_末世科幻/2584060947_470721704.json,db8cd214feef64420f254b3591b35d64fa0c706616c19f56dd4c4a377e28f24b
04_末世科幻,末世|丧尸,2815645630,313030180,如果中国爆发丧尸怎么办？,一颗大苹果,6574,0.9,246,202,https://www.zhihu.com/question/313030180/answer/2815645630,04_末世科幻/2815645630_313030180.txt,04_末世科幻/2815645630_313030180.json,3f3864480a62ed6d3f709adc28d33b082b6f9603c9bce175ccde913b5efa31c9
04_末世科幻,丧尸|科幻,2529629953,370509834,如果只剩三个小时就要出现丧尸，你会干什么?,胖可丁,8798,0.9,132,68,https://www.zhihu.com/question/370509834/answer/2529629953,04_末世科幻/2529629953_370509834.txt,04_末世科幻/2529629953_370509834.json,503e9661c9b9807b0f7b4e24247beca3309a6eb08397c13169a502a783c93376
04_末世科幻,科幻|AI,3437639197,454766708,有什么令人脊背发凉的科幻故事吗？,黑与红,5631,0.9,110,125,https://www.zhihu.com/question/454766708/answer/3437639197,04_末世科幻/3437639197_454766708.txt,04_末世科幻/3437639197_454766708.json,42022a5c6111c1a64a050022bd93ec462ec89e9e49d20830f52a7926c6f7c2b4
04_末世科幻,丧尸|灾难,241286369,64232240,当全世界都爆发丧尸，哪里最安全？,依然,6969,0.85,389,239,https://www.zhihu.com/question/64232240/answer/241286369,04_末世科幻/241286369_64232240.txt,04_末世科幻/241286369_64232240.json,11ce4c640834c9c8a84239e5c227acde904ea1cef52288fde7e8d15421a90632
04_末世科幻,丧尸,2588923218,472115267,有末日躺平的丧尸小说吗?,薛定谔的猫,9957,1.0,3843,5171,https://www.zhihu.com/question/472115267/answer/2588923218,04_末世科幻/2588923218_472115267.txt,04_末世科幻/2588923218_472115267.json,55017f2ac28faab517c946e84244391d8a45f9402228559c5c75f3bdc7f7e256
04_末世科幻,丧尸,2505968709,367348766,如果我国爆发丧尸病毒，会很快沦陷吗?,胖可丁,5040,1.0,2111,2830,https://www.zhihu.com/question/367348766/answer/2505968709,04_末世科幻/2505968709_367348766.txt,04_末世科幻/2505968709_367348766.json,582af6fce0bae775079bbbba6a9b328dabdbeabe6a61f8bbb7079bc2adea3196
04_末世科幻,丧尸,2598043698,313030180,如果中国爆发丧尸怎么办？,星巴克在逃咖啡,8595,1.0,2076,947,https://www.zhihu.com/question/313030180/answer/2598043698,04_末世科幻/2598043698_313030180.txt,04_末世科幻/2598043698_313030180.json,b87ac80aed00490d5fa56e94ca07656b759bb4e83eb0860482df0f2a6b68a855
04_末世科幻,丧尸,2840186350,378602242,有没有真实一点的末日丧尸小说?,竹几,7593,1.0,1662,941,https://www.zhihu.com/question/378602242/answer/2840186350,04_末世科幻/2840186350_378602242.txt,04_末世科幻/2840186350_378602242.json,5fdd0cae8827048d05a933f9e0b158c22b2223717c1b5b732d2e0f64a404c9c4
04_末世科幻,丧尸,2473771384,355716897,你知道丧尸明天爆发了，还有短短五六个小时你会怎么做？,叶子,5686,1.0,1574,2741,https://www.zhihu.com/question/355716897/answer/2473771384,04_末世科幻/2473771384_355716897.txt,04_末世科幻/2473771384_355716897.json,a70dbbbb5b41c7c9d500aef0ac68a1a52221ce050a74afec503067176915a4ec
04_末世科幻,丧尸,2672117401,370509834,如果只剩三个小时就要出现丧尸，你会干什么?,异想奇妙物语,5545,1.0,1317,966,https://www.zhihu.com/question/370509834/answer/2672117401,04_末世科幻/2672117401_370509834.txt,04_末世科幻/2672117401_370509834.json,5ad6578d88d367ddd85d9f66a87b28929c7fc5fe6b2a37b4e7fd290820ea167f
04_末世科幻,丧尸,2169817983,370509834,如果只剩三个小时就要出现丧尸，你会干什么?,一条咸鱼鱼,9076,1.0,1294,747,https://www.zhihu.com/question/370509834/answer/2169817983,04_末世科幻/2169817983_370509834.txt,04_末世科幻/2169817983_370509834.json,1fbcf06b6cc84b2caf3699065826e373ca38da7affd4b31b4e133d0a6a2b580a
04_末世科幻,丧尸,2611741014,355716897,你知道丧尸明天爆发了，还有短短五六个小时你会怎么做？,魔女恰恰饭,8538,1.0,876,1160,https://www.zhihu.com/question/355716897/answer/2611741014,04_末世科幻/2611741014_355716897.txt,04_末世科幻/2611741014_355716897.json,da73f9fd5df4c3f69ec4c6404ded15294bad888f25551a003303868cd5b1a2c2
04_末世科幻,丧尸,2027492257,268471246,脑洞：如果丧尸爆发了，你应该怎样生活？,叶小白,5241,1.0,800,269,https://www.zhihu.com/question/268471246/answer/2027492257,04_末世科幻/2027492257_268471246.txt,04_末世科幻/2027492257_268471246.json,2bc08d1e12560f6512a2bef8fd6820848b2192ea2f38911d5145684685fe8602
04_末世科幻,丧尸,1666804930,392415685,提前五年知道丧尸会爆发，而身边有100000亿你会怎么做？,云闲孤飞鹤,6639,1.0,742,582,https://www.zhihu.com/question/392415685/answer/1666804930,04_末世科幻/1666804930_392415685.txt,04_末世科幻/1666804930_392415685.json,dbd2f98622b6c4b33cbfe3b8666137222d01b82f33335f7cfed17e11eb82389b
04_末世科幻,丧尸,2616314770,268471246,脑洞：如果丧尸爆发了，你应该怎样生活？,大笛,8996,1.0,660,732,https://www.zhihu.com/question/268471246/answer/2616314770,04_末世科幻/2616314770_268471246.txt,04_末世科幻/2616314770_268471246.json,b03d3985e3443e73d64a4a3b56651a29427aa11ac439301db05e22cc778e3394
04_末世科幻,丧尸,2891510205,544788152,有没有末日躺平的丧尸小说？,阿江,6881,1.0,434,391,https://www.zhihu.com/question/544788152/answer/2891510205,04_末世科幻/2891510205_544788152.txt,04_末世科幻/2891510205_544788152.json,3b30357b560edf73a0e48d3ff20de59f5596fd1a2a87ae2417c157b346d6ccba
04_末世科幻,丧尸,2584563538,392415685,提前五年知道丧尸会爆发，而身边有100000亿你会怎么做？,Roselife,5832,1.0,358,683,https://www.zhihu.com/question/392415685/answer/2584563538,04_末世科幻/2584563538_392415685.txt,04_末世科幻/2584563538_392415685.json,3cd0f2f67dfc04ae59e37fb854c2d3179692aa1aaaf7a45d91a47aff86a63394
04_末世科幻,囤货,3559754516,550855655,有没有末日囤货爽文？,温迪猴子,8415,1.0,249,57,https://www.zhihu.com/question/550855655/answer/3559754516,04_末世科幻/3559754516_550855655.txt,04_末世科幻/3559754516_550855655.json,95f8db265315c4f02af2f310e9ef7ecd2a9d660f45b06172f4494a038328f415
04_末世科幻,丧尸,3305490721,64232240,当全世界都爆发丧尸，哪里最安全？,多睡十分钟,6602,1.0,200,34,https://www.zhihu.com/question/64232240/answer/3305490721,04_末世科幻/3305490721_64232240.txt,04_末世科幻/3305490721_64232240.json,72c4bd7921dd737ae8cd08647678e42ca127c6eb313ba2b6aef504fe09ce4504
04_末世科幻,丧尸,2733149687,544788152,有没有末日躺平的丧尸小说？,流心月饼,8434,1.0,173,36,https://www.zhihu.com/question/544788152/answer/2733149687,04_末世科幻/2733149687_544788152.txt,04_末世科幻/2733149687_544788152.json,b5a74bce745e1d8141ae4a6c97405e0d31f06012ad7d4d1fa72d1b562f30fd9e
04_末世科幻,丧尸,1962220471,268471246,脑洞：如果丧尸爆发了，你应该怎样生活？,雨季,6477,1.0,116,222,https://www.zhihu.com/question/268471246/answer/1962220471,04_末世科幻/1962220471_268471246.txt,04_末世科幻/1962220471_268471246.json,26d3167b9ab0ecc39557852e0e777a47d57c7bc910615fd99ba5bd60b095ff75
04_末世科幻,科幻,1638704336,280482758,你认为最牛的科幻桥段或者科幻对象是什么？,宇宙生存法则,8306,0.98,11507,11363,https://www.zhihu.com/question/280482758/answer/1638704336,04_末世科幻/1638704336_280482758.txt,04_末世科幻/1638704336_280482758.json,256384b63bd549276d49240924966342c7fc6b5de1f6fd39e7ee58c930748551
04_末世科幻,丧尸,511364295,297281720,如果丧尸来临，全市便利店的食物够一个人撑多长时间？,百川,8534,0.95,32591,18242,https://www.zhihu.com/question/297281720/answer/511364295,04_末世科幻/511364295_297281720.txt,04_末世科幻/511364295_297281720.json,9470ccc4b033deb54f3ae19b51bf5914295e65a02ecbf04bdac84ce609b85c1d
04_末世科幻,丧尸,2775765994,367348766,如果我国爆发丧尸病毒，会很快沦陷吗?,福楼拜拜,7556,0.95,3741,2543,https://www.zhihu.com/question/367348766/answer/2775765994,04_末世科幻/2775765994_367348766.txt,04_末世科幻/2775765994_367348766.json,911099c6f9254d68ea848c91ac9627bd6d91ce953101e561812f07493b6b8d72
04_末世科幻,丧尸,1929371857,463723763,假如你将提前5分钟知道地铁里坐你旁边的那个人会变成丧尸，你会怎么样?,赛博斯基,9109,0.95,895,750,https://www.zhihu.com/question/463723763/answer/1929371857,04_末世科幻/1929371857_463723763.txt,04_末世科幻/1929371857_463723763.json,866d55ae3a95d2fbd8de29da29f6af74da4866fc5a0e160d3cbd375a3ab054fd
04_末世科幻,丧尸,604729094,297281720,如果丧尸来临，全市便利店的食物够一个人撑多长时间？,剁椒鹿,9591,0.95,302,206,https://www.zhihu.com/question/297281720/answer/604729094,04_末世科幻/604729094_297281720.txt,04_末世科幻/604729094_297281720.json,07bda7938d46b82b5972ca21b3bf110318c043f5cbbb57b4fd4fc3ac03a7d61d
04_末世科幻,末世,3160404821,535025394,求推荐好看的末世文?,Dandelion,6011,0.95,296,223,https://www.zhihu.com/question/535025394/answer/3160404821,04_末世科幻/3160404821_535025394.txt,04_末世科幻/3160404821_535025394.json,bad54adcec8266a05084407f7f11eb24cf4c3d2427eddd6a19358c4190609728
04_末世科幻,末世,5887755546,535025394,求推荐好看的末世文?,书剑堂,9664,0.95,279,115,https://www.zhihu.com/question/535025394/answer/5887755546,04_末世科幻/5887755546_535025394.txt,04_末世科幻/5887755546_535025394.json,a0f07e346bd319509428866e6febdc8d06f4c6c7481a218591dac0babf4cba62
04_末世科幻,末世,3269852307,535025394,求推荐好看的末世文?,绯鸢,9518,0.95,221,91,https://www.zhihu.com/question/535025394/answer/3269852307,04_末世科幻/3269852307_535025394.txt,04_末世科幻/3269852307_535025394.json,70d82322b9f436ec4647dbe516c1a2156b52b9937bba20d3d2b4c424473ceca2
04_末世科幻,丧尸,2467523799,463723763,假如你将提前5分钟知道地铁里坐你旁边的那个人会变成丧尸，你会怎么样?,白鹿,7907,0.95,173,110,https://www.zhihu.com/question/463723763/answer/2467523799,04_末世科幻/2467523799_463723763.txt,04_末世科幻/2467523799_463723763.json,e6979104f96ced0a9f3aec3734e46de8234a0e0fd39aad54298fcdef8987c49f
04_末世科幻,丧尸,3728095829,524061596,在末日丧尸屯物躺平中，最大的问题是什么？,大脸猫,6235,0.95,152,64,https://www.zhihu.com/question/524061596/answer/3728095829,04_末世科幻/3728095829_524061596.txt,04_末世科幻/3728095829_524061596.json,e2eba2cd6b5b08d71bc80d66209812306d638972093ca53415cb7b94692bd780
04_末世科幻,科幻,3346365606,454766708,有什么令人脊背发凉的科幻故事吗？,路灯Killer,8780,0.9,4239,4864,https://www.zhihu.com/question/454766708/answer/3346365606,04_末世科幻/3346365606_454766708.txt,04_末世科幻/3346365606_454766708.json,f2611cf30b56f63b2c4d71793593080b5e8375196a8a3c4bb44a1eb94bcf9e92
04_末世科幻,科幻,3328243671,454766708,有什么令人脊背发凉的科幻故事吗？,这位道友票子要伐,8796,0.9,2582,2664,https://www.zhihu.com/question/454766708/answer/3328243671,04_末世科幻/3328243671_454766708.txt,04_末世科幻/3328243671_454766708.json,6802c72ab47af0cf7423fb7fab986268ca92e12ba998fada34fdcdd840eb8e04
04_末世科幻,丧尸,1606611295,432520725,如果丧尸爆发，你在厕所，没有通讯设备，而且厕所隔间外有丧尸，怎么办？,赛博斯基,9154,0.9,637,721,https://www.zhihu.com/question/432520725/answer/1606611295,04_末世科幻/1606611295_432520725.txt,04_末世科幻/1606611295_432520725.json,5d8110bf65a86e12abbbdcaf9142ba818fd36844ee3585d86f97ccfe7440361b
04_末世科幻,丧尸,2642028170,524061596,在末日丧尸屯物躺平中，最大的问题是什么？,橙月,7903,0.9,317,518,https://www.zhihu.com/question/524061596/answer/2642028170,04_末世科幻/2642028170_524061596.txt,04_末世科幻/2642028170_524061596.json,e0795ba042210daf5390f85313cb33134898108d0f090def5c1c4184692fbb9c
04_末世科幻,丧尸,1929016819,463723763,假如你将提前5分钟知道地铁里坐你旁边的那个人会变成丧尸，你会怎么样?,王枝节,5227,0.9,238,25,https://www.zhihu.com/question/463723763/answer/1929016819,04_末世科幻/1929016819_463723763.txt,04_末世科幻/1929016819_463723763.json,2edcca64a1abc508ebb74c16f016ba4be1e1ebf6e10a64d04f2cf9e496581696
04_末世科幻,丧尸,2653554007,313030180,如果中国爆发丧尸怎么办？,薄荷白桃,5232,0.9,191,175,https://www.zhihu.com/question/313030180/answer/2653554007,04_末世科幻/2653554007_313030180.txt,04_末世科幻/2653554007_313030180.json,b2d7fb7c9795f6fc94b65863d2b1b582a21ed3d51a9b6a6d210335947ac8d3b8
04_末世科幻,丧尸,2576573395,531341518,有没有屯物狂丧尸末日小说？,琪的爱,7844,0.9,148,358,https://www.zhihu.com/question/531341518/answer/2576573395,04_末世科幻/2576573395_531341518.txt,04_末世科幻/2576573395_531341518.json,a967268d9c14fb6010be3a849c8f05058eded1c7dc01b7dd9322b0a8faa8c0ca
04_末世科幻,末世|丧尸,3054890451,458336079,有什么好看的女配文吗？,qqqq,5817,1.0,659,450,https://www.zhihu.com/question/458336079/answer/3054890451,04_末世科幻/3054890451_458336079.txt,04_末世科幻/3054890451_458336079.json,ae7d7e9e12d6b6204f61905a368b705a75faaad830d935aeb21e5865fa440f77
04_末世科幻,末世|囤货,1918424586875303173,502298335,有什么末日躺平屯物资的小说嘛?,樱铁村村花,7647,1.0,296,99,https://www.zhihu.com/question/502298335/answer/1918424586875303173,04_末世科幻/1918424586875303173_502298335.txt,04_末世科幻/1918424586875303173_502298335.json,224d770f12b5cc9c1b25fa9240061f7583b2265bd00d36f2d6ace428b3aa1227
04_末世科幻,丧尸|囤货,3253835751,544893072,有没有不圣母的末日文?,一一风荷举,5623,1.0,218,139,https://www.zhihu.com/question/544893072/answer/3253835751,04_末世科幻/3253835751_544893072.txt,04_末世科幻/3253835751_544893072.json,7a8ddbb9c2dff8ae80bd1e79e77017abb3d0bd83b2ef98468484dcfe45a52ddb
04_末世科幻,末世|丧尸,2623874614,502298335,有什么末日躺平屯物资的小说嘛?,五亿个小铃铛,5849,1.0,208,126,https://www.zhihu.com/question/502298335/answer/2623874614,04_末世科幻/2623874614_502298335.txt,04_末世科幻/2623874614_502298335.json,52012d7c5ea596c4583f93ff4b5a67f8499ed5dc57901a2407891853380a7b38
04_末世科幻,末世|丧尸,2000571372573836065,540509479,有没有甜甜的沙雕文？,语境实效,7800,1.0,147,30,https://www.zhihu.com/question/540509479/answer/2000571372573836065,04_末世科幻/2000571372573836065_540509479.txt,04_末世科幻/2000571372573836065_540509479.json,de7243f5030867279dde650f3bb4aa83305578fb25692b88dff6c5fca2eb4211
04_末世科幻,末世|丧尸,2758926034,502298335,有什么末日躺平屯物资的小说嘛?,琼琼白兔,8594,0.9,2214,2668,https://www.zhihu.com/question/502298335/answer/2758926034,04_末世科幻/2758926034_502298335.txt,04_末世科幻/2758926034_502298335.json,3eb93a61387172138aea7b4f83d3160e9dedbbb5f393f0cb6de51560dfee9c4d
04_末世科幻,星际,3527187571,617498450,有没有男主是兽人的小说？,江畔,5233,1.0,3021,2427,https://www.zhihu.com/question/617498450/answer/3527187571,04_末世科幻/3527187571_617498450.txt,04_末世科幻/3527187571_617498450.json,40477163af22caec45b2f6f19d2b06b1a97c17018fe81d29b247c352b1c69696
04_末世科幻,丧尸,2594686278,307984236,有什么大快人心的复仇故事？,仄言,5901,1.0,2002,4117,https://www.zhihu.com/question/307984236/answer/2594686278,04_末世科幻/2594686278_307984236.txt,04_末世科幻/2594686278_307984236.json,fbe14bb7800d7001676206b7d1e8f19a7c30049a0d5eeb5d0f87b93e64e15052
04_末世科幻,机器人,3433151724,416904269,求男主占有欲强偏执心狠手辣的小说！！！?,白追追,6205,1.0,1881,1036,https://www.zhihu.com/question/416904269/answer/3433151724,04_末世科幻/3433151724_416904269.txt,04_末世科幻/3433151724_416904269.json,f78a7b4a431eb727bc1a281fc4555f6abe8ee62ef0b8c28e2f9934db2b680e30
04_末世科幻,灾难,3472285092,623076691,有哪些设定特别新颖特别吸引人的爽文？,万泉寺超人,5054,1.0,1758,302,https://www.zhihu.com/question/623076691/answer/3472285092,04_末世科幻/3472285092_623076691.txt,04_末世科幻/3472285092_623076691.json,1bf22c054a6282f512d12aaccc455dcffe7d829e5513774abf3189550e85fac3
04_末世科幻,丧尸,2884464709,528254032,当你发现自己是女配怎么办？,暮夏晚萤,5676,1.0,918,986,https://www.zhihu.com/question/528254032/answer/2884464709,04_末世科幻/2884464709_528254032.txt,04_末世科幻/2884464709_528254032.json,e41d3e0d29bd31ca79d0f9ae83c6e8ab56e1df8cd4c007a24e5f0cf5a8ef4078
04_末世科幻,无限流,3046363079,543911027,如何以【我穿书了，穿成一个非常漂亮的路人甲】为开头，写一个故事？,阿卿,6445,1.0,461,558,https://www.zhihu.com/question/543911027/answer/3046363079,04_末世科幻/3046363079_543911027.txt,04_末世科幻/3046363079_543911027.json,d636935854829d4fc9ff8f6e625fe36ebbc534942d57979f8fd896b6cc002f66
04_末世科幻,星际,1969207467796858253,664732079,有没有超级无敌好看的双男主文？,文殊,7298,1.0,334,76,https://www.zhihu.com/question/664732079/answer/1969207467796858253,04_末世科幻/1969207467796858253_664732079.txt,04_末世科幻/1969207467796858253_664732079.json,861042d1bf5c8717ad4ba7e58bbf0ff0078e751bbfecda45ad51666518e9447b
04_末世科幻,天灾,46556004534,449494771,有哪些令人恐惧的民间传说？,未央,8184,1.0,291,97,https://www.zhihu.com/question/449494771/answer/46556004534,04_末世科幻/46556004534_449494771.txt,04_末世科幻/46556004534_449494771.json,0daf5f02b44655ead5dbc5b580a531cb46cb33f7aecfa57fd944442c64bf28c8
04_末世科幻,宇宙,1285037640,390033283,你有什么好看的小说推荐？,林朵,9645,1.0,256,122,https://www.zhihu.com/question/390033283/answer/1285037640,04_末世科幻/1285037640_390033283.txt,04_末世科幻/1285037640_390033283.json,aec2217b19f0498b8cf10c81ab55ea32fa53b60caef618e2808f16caf8247146
04_末世科幻,丧尸,132669653,52916722,你写过哪些奇诡的脑洞故事？,林朵,5756,1.0,251,59,https://www.zhihu.com/question/52916722/answer/132669653,04_末世科幻/132669653_52916722.txt,04_末世科幻/132669653_52916722.json,dc00592ee81c141f90f3d8379bf710fed1dede6609af63e8fb1819849f496540
04_末世科幻,丧尸,2594123399,544893072,有没有不圣母的末日文?,Tony想吃宵夜,5880,1.0,162,454,https://www.zhihu.com/question/544893072/answer/2594123399,04_末世科幻/2594123399_544893072.txt,04_末世科幻/2594123399_544893072.json,5f2fc2f45d1cd3a2bb31b238838ee9d324a919587cbb40345d335fd3408b9eab
04_末世科幻,末世,2022452708653712980,644170527,有什么男主占有欲极强的小说吗?,古川,5302,1.0,157,77,https://www.zhihu.com/question/644170527/answer/2022452708653712980,04_末世科幻/2022452708653712980_644170527.txt,04_末世科幻/2022452708653712980_644170527.json,4048c5e6f76d5cf28f74cde54d7433b4a6f84133e199cb9f722183226aea23c2
04_末世科幻,丧尸,3219555835,544893072,有没有不圣母的末日文?,Ginn,5549,1.0,152,136,https://www.zhihu.com/question/544893072/answer/3219555835,04_末世科幻/3219555835_544893072.txt,04_末世科幻/3219555835_544893072.json,984a6804d061af20ca25067f2bbe7256b51a38679b526d7f707a3aeac1e733a3
04_末世科幻,灾难,3460279157,505409367,有没有好看的人外小说？,Drunk橙,5225,1.0,152,84,https://www.zhihu.com/question/505409367/answer/3460279157,04_末世科幻/3460279157_505409367.txt,04_末世科幻/3460279157_505409367.json,a9bf4a9198064cefa7f8d44d9e4a4c0b2daa74f73c53461f6f83aa5128bff4fb
04_末世科幻,末世,3538623302,617498450,有没有男主是兽人的小说？,南枳,5450,1.0,133,36,https://www.zhihu.com/question/617498450/answer/3538623302,04_末世科幻/3538623302_617498450.txt,04_末世科幻/3538623302_617498450.json,9a55845a59d0578080b943b2c457493c932f1dd075a3be5df877bce819f0bf6c
04_末世科幻,星际,1969209201017488563,633904602,有没有又甜又虐的双男主小说？,文殊,7298,1.0,131,50,https://www.zhihu.com/question/633904602/answer/1969209201017488563,04_末世科幻/1969209201017488563_633904602.txt,04_末世科幻/1969209201017488563_633904602.json,861042d1bf5c8717ad4ba7e58bbf0ff0078e751bbfecda45ad51666518e9447b
05_现实家庭职场,家庭|原生家庭,3093896274,445787783,原生家庭能把人逼成什么样子？,TuaOrange,6126,0.9,1196,66,https://www.zhihu.com/question/445787783/answer/3093896274,05_现实家庭职场/3093896274_445787783.txt,05_现实家庭职场/3093896274_445787783.json,b82ec8cd722b1ed9bf5be281bf9e3f230a7d95b13402167b3647648e1a04d6aa
05_现实家庭职场,家庭|原生家庭,3391743205,445787783,原生家庭能把人逼成什么样子？,长虹,4194,0.9,326,51,https://www.zhihu.com/question/445787783/answer/3391743205,05_现实家庭职场/3391743205_445787783.txt,05_现实家庭职场/3391743205_445787783.json,fc61c0a2d78b964c55bc62ad6b8c49fb3569b5481181a64a04b351b46cc97602
05_现实家庭职场,父母|妈妈,2527146615,33319361,有一对很恶心的父母是什么感受？,朱鲤鲤,8702,0.95,1781,3000,https://www.zhihu.com/question/33319361/answer/2527146615,05_现实家庭职场/2527146615_33319361.txt,05_现实家庭职场/2527146615_33319361.json,188227887ad72a6fac5272cad5dcdacfa76c3de48dc8d0781bcad7101f7b3469
05_现实家庭职场,高考|父母,2684042729,33319361,有一对很恶心的父母是什么感受？,蓑衣壶酒,9219,0.95,966,1385,https://www.zhihu.com/question/33319361/answer/2684042729,05_现实家庭职场/2684042729_33319361.txt,05_现实家庭职场/2684042729_33319361.json,a4d6f9189522a276bd3f0c7da29fd4a7a5d62ba19d0f68dc0274f35d85fb2282
05_现实家庭职场,医生|父母,2797123148,353910044,父母偏心到底有多伤人？,尽阳,5105,0.95,898,1030,https://www.zhihu.com/question/353910044/answer/2797123148,05_现实家庭职场/2797123148_353910044.txt,05_现实家庭职场/2797123148_353910044.json,aedacd4ade7cf33dad0e88d59052c5b14350057133c67f87c64c8a30bc796104
05_现实家庭职场,医生|父母,2785545833,388283804,父母可以冷漠到什么程度？,张小米,7036,0.95,655,507,https://www.zhihu.com/question/388283804/answer/2785545833,05_现实家庭职场/2785545833_388283804.txt,05_现实家庭职场/2785545833_388283804.json,21106576d7b522f4c3e983b98e8c75191c4e5b4e4d3e467569c7c319758dd6d3
05_现实家庭职场,父母|爸爸,85031858940,353910044,父母偏心到底有多伤人？,临川溪笔,8968,0.95,598,58,https://www.zhihu.com/question/353910044/answer/85031858940,05_现实家庭职场/85031858940_353910044.txt,05_现实家庭职场/85031858940_353910044.json,60ce5247bf0dbffffa7051a448cf656091bfd9e6d938c61636d79649a8237262
05_现实家庭职场,父母|爸爸,2796403797,388283804,父母可以冷漠到什么程度？,银羽落英,5098,0.95,308,35,https://www.zhihu.com/question/388283804/answer/2796403797,05_现实家庭职场/2796403797_388283804.txt,05_现实家庭职场/2796403797_388283804.json,f2e3a7da826de17fd9582c456c93cf460080a2ac235fd84e10499e2e10ae6149
05_现实家庭职场,同事|领导,3353188186,326513653,你和同事做过最暧昧的事情是什么？,三树树洞,5710,0.95,155,40,https://www.zhihu.com/question/326513653/answer/3353188186,05_现实家庭职场/3353188186_326513653.txt,05_现实家庭职场/3353188186_326513653.json,6c19c9a844b6be3e907b04d476479e26116f430e02a7ff16d805ec3c701fee75
05_现实家庭职场,家庭|父母,3364664004,625507230,有什么家庭复仇爽文推荐吗？,哈啾,6934,0.95,137,38,https://www.zhihu.com/question/625507230/answer/3364664004,05_现实家庭职场/3364664004_625507230.txt,05_现实家庭职场/3364664004_625507230.json,057b9b1535ad0b26c700c1d94525f84f51845b5341b316e981d6c42468e40670
05_现实家庭职场,同事|老板,3092719696,326513653,你和同事做过最暧昧的事情是什么？,鹿力,5899,0.95,61,8,https://www.zhihu.com/question/326513653/answer/3092719696,05_现实家庭职场/3092719696_326513653.txt,05_现实家庭职场/3092719696_326513653.json,3f3726a5bdd5ca9d86983caab3cb4c36c40274660de12b58bcafa10a40991774
05_现实家庭职场,爸爸|妈妈,549938080,296480612,爸爸可以有多疼爱女儿？,秦四月,6509,0.9,34882,6486,https://www.zhihu.com/question/296480612/answer/549938080,05_现实家庭职场/549938080_296480612.txt,05_现实家庭职场/549938080_296480612.json,bbcc714f9bb53f2956c3732d4a2cab4f8b10c8c963429c8f1aab9137e4eae839
05_现实家庭职场,婆婆|公公,1254395929,362277445,被婆婆立过规矩后你是怎么做的？,木木,6701,0.9,10003,1187,https://www.zhihu.com/question/362277445/answer/1254395929,05_现实家庭职场/1254395929_362277445.txt,05_现实家庭职场/1254395929_362277445.json,1d32c2a9288f5fdfcd91784c6ff6c88f87baa64429fb82df410a703e04cf7ab6
05_现实家庭职场,教师|老师,2429454976,30492654,喜欢老师是怎样的体验？,不插电,7540,0.9,1703,3089,https://www.zhihu.com/question/30492654/answer/2429454976,05_现实家庭职场/2429454976_30492654.txt,05_现实家庭职场/2429454976_30492654.json,85c2624e03046a3ad07904ccdc5209258597c2967499da6f178aeaae9b15107c
05_现实家庭职场,同事|领导,3436565828,579244893,你和同事发生的最暧昧的一件事情是什么？,臭袜子,8099,0.9,1136,447,https://www.zhihu.com/question/579244893/answer/3436565828,05_现实家庭职场/3436565828_579244893.txt,05_现实家庭职场/3436565828_579244893.json,7c053771285caf8bbcd4b6089928aa36e1cfce71b5998625c2451ea20158bf35
05_现实家庭职场,父母|爸爸|妈妈,3596345748,652139087,有没有那种比较刺激一点的双男主文?,,8811,1.0,4500,2549,https://www.zhihu.com/question/652139087/answer/3596345748,05_现实家庭职场/3596345748_652139087.txt,05_现实家庭职场/3596345748_652139087.json,d7eda84da20d0577eef56e2af7fe6834118f0cfbaa09135e370cd39262fa4d43
05_现实家庭职场,老板,2162216029,491369594,如果你是天下第一铸剑坊的老板，却只想搞钱会发生什么剧情？,野马,8073,1.0,1374,829,https://www.zhihu.com/question/491369594/answer/2162216029,05_现实家庭职场/2162216029_491369594.txt,05_现实家庭职场/2162216029_491369594.json,9832973c81fdd0960755009f6f78c86ce019756225b9876f521d171b333abfee
05_现实家庭职场,家庭|父母|亲戚,3395316194,477559361,有没有理智一点的女主啊，不会为了男人要死要活的那种？,黎浓露,5082,1.0,1222,726,https://www.zhihu.com/question/477559361/answer/3395316194,05_现实家庭职场/3395316194_477559361.txt,05_现实家庭职场/3395316194_477559361.json,c95d97109afdef11490a556031eeb4ffb9e958a066d6a90e94097fbb99d6b17d
05_现实家庭职场,高考|父母|扶弟魔,2588334345,332411777,你看过最爽的爽文有多爽？,福禄娃,6491,1.0,914,1268,https://www.zhihu.com/question/332411777/answer/2588334345,05_现实家庭职场/2588334345_332411777.txt,05_现实家庭职场/2588334345_332411777.json,296d5a5fa103bc8ca3700d62dd7ed70d99e5bbd9f9478a41322040311a4a9d99
05_现实家庭职场,高考|老师|父母,3500582590,571919527,有没有好看不无脑的大女主爽文？,阿祈三千岁,6251,1.0,399,264,https://www.zhihu.com/question/571919527/answer/3500582590,05_现实家庭职场/3500582590_571919527.txt,05_现实家庭职场/3500582590_571919527.json,d73e2611f952277dc715c9b9a5136810b487e9e80477696dfa107780d890d212
05_现实家庭职场,高考,420351190,24047876,关于高考，你印象最深的是什么？,知乎用户,8688,1.0,273,109,https://www.zhihu.com/question/24047876/answer/420351190,05_现实家庭职场/420351190_24047876.txt,05_现实家庭职场/420351190_24047876.json,8e5503b65993564d2260b2379833c060efe68095f28c2b69a0cea41d307c4e29
05_现实家庭职场,家庭,3306652694,629356254,有哪些好看的男主视角家庭复仇爽文？,miss王,5073,1.0,237,60,https://www.zhihu.com/question/629356254/answer/3306652694,05_现实家庭职场/3306652694_629356254.txt,05_现实家庭职场/3306652694_629356254.json,e1143e88d048047882d26876823f9ab2e2c775a42e02998edf9519d713934155
05_现实家庭职场,家庭,3290932168,629356254,有哪些好看的男主视角家庭复仇爽文？,二大王,7163,1.0,151,58,https://www.zhihu.com/question/629356254/answer/3290932168,05_现实家庭职场/3290932168_629356254.txt,05_现实家庭职场/3290932168_629356254.json,205635cfb222bd830f0b386853fe6b3c0aa0b6bce8ff3b842a838ca01dd29328
05_现实家庭职场,家庭|爸爸|妈妈,3423330921,638431103,有什么淡淡的但是很虐的文？,冰冰,9394,1.0,128,2,https://www.zhihu.com/question/638431103/answer/3423330921,05_现实家庭职场/3423330921_638431103.txt,05_现实家庭职场/3423330921_638431103.json,60d12be3deb25b85d86ff8119a57df15983fb48efe35d28a6a671916e3e41299
05_现实家庭职场,同事|老板|亲戚,2539100618,443425789,有哪些半小时内就能看完的超甜小故事？,沐栖啊,6546,0.99,13350,13707,https://www.zhihu.com/question/443425789/answer/2539100618,05_现实家庭职场/2539100618_443425789.txt,05_现实家庭职场/2539100618_443425789.json,695c115ada7f3abb9f05c8a0d4311d27fbdda415d811500695dadd34e481f0c9
05_现实家庭职场,婆婆,3491831007,462785702,你们怼过婆婆最爽的一次是什么时候?,奶皮乖乖,9069,0.98,2264,164,https://www.zhihu.com/question/462785702/answer/3491831007,05_现实家庭职场/3491831007_462785702.txt,05_现实家庭职场/3491831007_462785702.json,07bb59551c000dd6daa111e64e550cb7cb166e2ec424b503fb887f2817627ca7
05_现实家庭职场,老师|家庭|父母,3534697049,416904269,求男主占有欲强偏执心狠手辣的小说！！！?,唐月雨,5072,0.97,446,255,https://www.zhihu.com/question/416904269/answer/3534697049,05_现实家庭职场/3534697049_416904269.txt,05_现实家庭职场/3534697049_416904269.json,64fb60a84f6e5cefe43af5d818eef76e7ccaf3acfd287a7057248a750fffa492
05_现实家庭职场,亲戚,2852776210,480421235,你的亲戚提过什么过分的要求？,大脸猫脸大,9419,0.95,44657,29937,https://www.zhihu.com/question/480421235/answer/2852776210,05_现实家庭职场/2852776210_480421235.txt,05_现实家庭职场/2852776210_480421235.json,ca5c036712337e2b1e233508d9207d28a427c8d40d8c3d244976b8791c7684a8
05_现实家庭职场,父母,30210220,25148298,那些在北上广深国外打拼的年轻人们，你们的父母怎么办？,崔大鹏,5867,0.95,8566,3329,https://www.zhihu.com/question/25148298/answer/30210220,05_现实家庭职场/30210220_25148298.txt,05_现实家庭职场/30210220_25148298.json,63cc58fde54bbd21955aa37d79faf5a683817df802fe35fdb65eb051cf38b57c
05_现实家庭职场,亲戚,3304680803,480421235,你的亲戚提过什么过分的要求？,Minions,6768,0.95,7842,160,https://www.zhihu.com/question/480421235/answer/3304680803,05_现实家庭职场/3304680803_480421235.txt,05_现实家庭职场/3304680803_480421235.json,1b33d8da3c83af932fde2f9644bf3eb97f73128c50a7dedb74ad838439f24320
05_现实家庭职场,婆婆,3112289169,462785702,你们怼过婆婆最爽的一次是什么时候?,菱湖君子,9205,0.95,3086,242,https://www.zhihu.com/question/462785702/answer/3112289169,05_现实家庭职场/3112289169_462785702.txt,05_现实家庭职场/3112289169_462785702.json,15dbecb54818d2874802c585c6a83fd9cace7295a131a26c215a6e79b3a28d55
05_现实家庭职场,父母,1731023068,306434148,父母有哪些骚操作让你至今记忆犹新？,陈宴然,5768,0.95,2038,86,https://www.zhihu.com/question/306434148/answer/1731023068,05_现实家庭职场/1731023068_306434148.txt,05_现实家庭职场/1731023068_306434148.json,498051a1c6c6fffa3d81f219d0b3ce3ee2e2402a2dfbaf1b3089c103ebf8398b
05_现实家庭职场,家庭,3139798279,556512587,有哪些超级好看的家庭小说？,彩彩妞,7055,0.95,1263,491,https://www.zhihu.com/question/556512587/answer/3139798279,05_现实家庭职场/3139798279_556512587.txt,05_现实家庭职场/3139798279_556512587.json,d3498f8b792bacd85e565506dc7ec09f9e3c6bab7c78b7f81f49ccb6aa2cee3e
05_现实家庭职场,老师|父母|妈妈,110272706,35947787,如果你保留了现在的记忆并回到了小学的课堂上，你会怎么做？,黄青春 Youth,5248,0.95,608,177,https://www.zhihu.com/question/35947787/answer/110272706,05_现实家庭职场/110272706_35947787.txt,05_现实家庭职场/110272706_35947787.json,f9278fa909025eb8abd8363aa1b39652de97be6d90bdce39bddea18fa8540cbf
05_现实家庭职场,老师|家庭|亲戚,2469491340,277882723,人性到底能有多阴暗？,小钥,9349,0.95,180,255,https://www.zhihu.com/question/277882723/answer/2469491340,05_现实家庭职场/2469491340_277882723.txt,05_现实家庭职场/2469491340_277882723.json,37ccd6288f4729ba10dbbfed9f3b786de0e38d4929c0fd19a77a48eb9c315874
05_现实家庭职场,家庭,1936366057137877128,556512587,有哪些超级好看的家庭小说？,芸朵抱抱,9710,0.95,170,187,https://www.zhihu.com/question/556512587/answer/1936366057137877128,05_现实家庭职场/1936366057137877128_556512587.txt,05_现实家庭职场/1936366057137877128_556512587.json,95c8289e759c0276e4904aea2c24a915f5e971f81512ab269c4fd5ec10a00f21
05_现实家庭职场,老师,2341557152,30492654,喜欢老师是怎样的体验？,举个栗子,6973,0.95,146,86,https://www.zhihu.com/question/30492654/answer/2341557152,05_现实家庭职场/2341557152_30492654.txt,05_现实家庭职场/2341557152_30492654.json,27a53c01313b957deb46e179bf111dbc32c008cf7a94dbf939468230982679cf
05_现实家庭职场,同事|领导|爸爸,2862617082,60540780,有哪些善有善报的故事？,泠雪,6913,0.9,6716,1742,https://www.zhihu.com/question/60540780/answer/2862617082,05_现实家庭职场/2862617082_60540780.txt,05_现实家庭职场/2862617082_60540780.json,81c2b5284bfab4d4bea6d80b36dac0173a7b90095200da8bbc93bf5670938144
05_现实家庭职场,父母,1730933043,306434148,父母有哪些骚操作让你至今记忆犹新？,希文1890,6818,0.9,2031,175,https://www.zhihu.com/question/306434148/answer/1730933043,05_现实家庭职场/1730933043_306434148.txt,05_现实家庭职场/1730933043_306434148.json,1c9f1c32f825b1caf57b3815017d9b1ad14ef8b934305e026bcf024a83914088
05_现实家庭职场,父母|爸爸|妈妈,3328923426,614186261,有没有那种女主全程都很清醒的文?,阿祈三千岁,5673,0.9,139,97,https://www.zhihu.com/question/614186261/answer/3328923426,05_现实家庭职场/3328923426_614186261.txt,05_现实家庭职场/3328923426_614186261.json,e87c1c73263280599620abdae05d835b24258453c5c3a677729e8ec376384cc5
05_现实家庭职场,爸爸,3317027163,296480612,爸爸可以有多疼爱女儿？,猫千岁,5180,0.88,889,115,https://www.zhihu.com/question/296480612/answer/3317027163,05_现实家庭职场/3317027163_296480612.txt,05_现实家庭职场/3317027163_296480612.json,3f160018e061c0220ed6138acf512c3f1c8c5f34584fb8485b9cb6e7cf130834
05_现实家庭职场,实习|家庭|妈妈,629202075,290287180,你在怎样的一瞬间认清了一个人？,Vivienne,6000,0.85,10666,1534,https://www.zhihu.com/question/290287180/answer/629202075,05_现实家庭职场/629202075_290287180.txt,05_现实家庭职场/629202075_290287180.json,8e9211c6e07fc48c97c0213e084d3425b4a0cf4ab4dd27fab87c1d7df1472fc3
05_现实家庭职场,家庭|爸爸|妈妈,2078275577,275815256,你们见过最毁三观的事情是什么？,洛城往事,7264,0.85,1971,1270,https://www.zhihu.com/question/275815256/answer/2078275577,05_现实家庭职场/2078275577_275815256.txt,05_现实家庭职场/2078275577_275815256.json,d7ff15dcb2d743b91f3e6f2990ac09cbb26d5d5b6f39b84a29662d49ec32cf81
05_现实家庭职场,领导|妈妈|婆婆,3571362054,576128039,在哪一刻  你放弃了喜欢很久的人？,木星暾,5419,0.85,893,55,https://www.zhihu.com/question/576128039/answer/3571362054,05_现实家庭职场/3571362054_576128039.txt,05_现实家庭职场/3571362054_576128039.json,1a041f222652567c23c79721b8f7677f3464328c06509a1461b4b1153be5e6a1
05_现实家庭职场,实习|医生,1943801855,40237308,你知道什么很甜的故事？,小尘,5101,1.0,5597,1,https://www.zhihu.com/question/40237308/answer/1943801855,05_现实家庭职场/1943801855_40237308.txt,05_现实家庭职场/1943801855_40237308.json,e607b21ad538d72a918cd034aa562e292b11d92888ddc00742031749c83b53e3
05_现实家庭职场,妈妈|婆婆,3125531622,381555126,有没有什么手撕绿茶的经历？,,8802,1.0,4967,1361,https://www.zhihu.com/question/381555126/answer/3125531622,05_现实家庭职场/3125531622_381555126.txt,05_现实家庭职场/3125531622_381555126.json,39e2c61f73943a70346106ab7c58cce3233cfe132ddc1b8523f57cc718979193
05_现实家庭职场,高考|老师,2036158187640988992,662037368,有哪些值得观看的爽文？,极光小酒馆,5078,1.0,4335,3299,https://www.zhihu.com/question/662037368/answer/2036158187640988992,05_现实家庭职场/2036158187640988992_662037368.txt,05_现实家庭职场/2036158187640988992_662037368.json,8cdda66a4f9d8efcbf437e916a5d7628944de0d504c7bc26db04c35120bce1ce
05_现实家庭职场,爸爸|妈妈,3516152486,641689368,你见过哪些把一手烂牌打好的人？,雨雪飞霏,5991,1.0,2932,472,https://www.zhihu.com/question/641689368/answer/3516152486,05_现实家庭职场/3516152486_641689368.txt,05_现实家庭职场/3516152486_641689368.json,5855f794eae6d002d3f9974a52c065da2b60c12ba7040fbf029e5d56b6624625
05_现实家庭职场,婆婆|公公,3416091863,565366932,有没有爽到头皮发麻的爽文？,槐安,9343,1.0,2394,319,https://www.zhihu.com/question/565366932/answer/3416091863,05_现实家庭职场/3416091863_565366932.txt,05_现实家庭职场/3416091863_565366932.json,538183678446ae58f3fe34ce58722eb0b4f2afc9d9b509fd8fe8aaec4e8e1546
05_现实家庭职场,医生|爸爸,2300007667,443425789,有哪些半小时内就能看完的超甜小故事？,繁小花,9513,1.0,2276,2675,https://www.zhihu.com/question/443425789/answer/2300007667,05_现实家庭职场/2300007667_443425789.txt,05_现实家庭职场/2300007667_443425789.json,4bc92053e005289d64967b30a0e9a0d428562b55be9a10f31750da9f7f47a409
05_现实家庭职场,父母|妈妈,2780483705,544580627,有什么大快人心的复仇故事吗?,李云舟,8179,1.0,2153,2096,https://www.zhihu.com/question/544580627/answer/2780483705,05_现实家庭职场/2780483705_544580627.txt,05_现实家庭职场/2780483705_544580627.json,5720dc74f103283f1997f988428e7603676a295d5e66bb2e750717b8e8462ee6
05_现实家庭职场,爸爸|妈妈,2505837448,333114370,有没有能把你甜哭的短篇小说?,芝士小黄薯,8081,1.0,2125,3174,https://www.zhihu.com/question/333114370/answer/2505837448,05_现实家庭职场/2505837448_333114370.txt,05_现实家庭职场/2505837448_333114370.json,5856f26bb38318c892bf376bfefae23571f28e677e656f2a73d70cbebff9e45d
05_现实家庭职场,爸爸|妈妈,3507764261,644317804,有没有超好看的爽文推荐？,橘橘橘橘子,5934,1.0,1536,271,https://www.zhihu.com/question/644317804/answer/3507764261,05_现实家庭职场/3507764261_644317804.txt,05_现实家庭职场/3507764261_644317804.json,51024711b2facc7d07c7a25f58e76eeef9ac5a0b2438b29e00cde21d3aa3a6cc
05_现实家庭职场,家庭|父母,2015509684,42116438,有哪些恶有恶报的故事？,婚前婚后故事,7942,1.0,1449,699,https://www.zhihu.com/question/42116438/answer/2015509684,05_现实家庭职场/2015509684_42116438.txt,05_现实家庭职场/2015509684_42116438.json,ec62b61cc011f2746e4b757d82e2f2ef14d7ef0567c10d9d5e9ca186f12de76d
05_现实家庭职场,爸爸|妈妈,3391763944,623500681,有哪些超级好看的双男主小说？,幻想的日记,8164,1.0,1218,773,https://www.zhihu.com/question/623500681/answer/3391763944,05_现实家庭职场/3391763944_623500681.txt,05_现实家庭职场/3391763944_623500681.json,099d56ab788f492fec6ee01a12018040dbc166186e0c5cbf733494282f9d83f3
05_现实家庭职场,爸爸|妈妈,3128788310,611147516,有没有大大写孟宴臣的同人文呀?,蛋蛋,6104,1.0,1130,2042,https://www.zhihu.com/question/611147516/answer/3128788310,05_现实家庭职场/3128788310_611147516.txt,05_现实家庭职场/3128788310_611147516.json,7f2794988e7e6af2b8e128ed1a8b2b7931f934cd41984b2360e0da2be9fd2917
05_现实家庭职场,医生|妈妈,2766945289,551069300,有没有哪些手撕绿茶超级无敌爆爽的经历！?,江风入怀,6637,1.0,1049,1542,https://www.zhihu.com/question/551069300/answer/2766945289,05_现实家庭职场/2766945289_551069300.txt,05_现实家庭职场/2766945289_551069300.json,ef8f3cbdfaa0b7b27b40766582cb162ae1b748a0a1903fca599e6aba859ae763
05_现实家庭职场,老板|医生,720823232,329474802,霸道总裁们在同一部小说会有怎样的故事？,鲁班大师,8011,1.0,848,766,https://www.zhihu.com/question/329474802/answer/720823232,05_现实家庭职场/720823232_329474802.txt,05_现实家庭职场/720823232_329474802.json,77f0df533bd0d4c3be287c621f3b8796db14a143f1922ef2daca31202ee6974c
05_现实家庭职场,爸爸|妈妈,3128689914,556518551,有没有好看到忍不住的爽文小说？,lankyyyy,8636,1.0,742,155,https://www.zhihu.com/question/556518551/answer/3128689914,05_现实家庭职场/3128689914_556518551.txt,05_现实家庭职场/3128689914_556518551.json,da2b4a6b065a6af565f0d1022720ac7d70e525a553f67f0234e04345d2573c17
05_现实家庭职场,老板|父母,3393741095,529774896,有没有什么爽文，看了特别上头那种？,今天写文了么,8821,1.0,618,103,https://www.zhihu.com/question/529774896/answer/3393741095,05_现实家庭职场/3393741095_529774896.txt,05_现实家庭职场/3393741095_529774896.json,4c6407e2bb648961f35efb4962b2c2bfe398e01d1ae738d591f9763ba9e396c5
05_现实家庭职场,婆婆|小姑子,1890445474718257536,631369291,有没有女主脑子清醒的文?,远处青山黛,5713,1.0,499,363,https://www.zhihu.com/question/631369291/answer/1890445474718257536,05_现实家庭职场/1890445474718257536_631369291.txt,05_现实家庭职场/1890445474718257536_631369291.json,96f5fa223cbfac71957252e950cfe945566f9f5ac0b2caba6b732496ad63f31b
05_现实家庭职场,老板|实习,3151940468,336867937,有没有女主性格很冷漠小说?,啦啦月,6851,1.0,478,143,https://www.zhihu.com/question/336867937/answer/3151940468,05_现实家庭职场/3151940468_336867937.txt,05_现实家庭职场/3151940468_336867937.json,f222e056c4bbaf94029c9ab3994d6d222a07a44732888e545b650789e37ff621
05_现实家庭职场,领导|高考,3264465040,478379510,有什么甜到嘴角疯狂上扬的小说？,青木柳.,6920,1.0,460,169,https://www.zhihu.com/question/478379510/answer/3264465040,05_现实家庭职场/3264465040_478379510.txt,05_现实家庭职场/3264465040_478379510.json,60031992a8889662833b3611234433703edda63ec95c73636d90eb1882e38c8b
05_现实家庭职场,爸爸|妈妈,1928094163838145908,524436651,有没有好看的重生文推荐呢？,清爽仙女,8507,1.0,351,57,https://www.zhihu.com/question/524436651/answer/1928094163838145908,05_现实家庭职场/1928094163838145908_524436651.txt,05_现实家庭职场/1928094163838145908_524436651.json,865e2a65cd73ec8f1dd4f869face43c6a59bf7bddddc8c24969792868ae1578d
05_现实家庭职场,职场|领导,1934297108678153461,578673095,有没有那种女主人间清醒，且敢作敢当绝不委屈自己的文?,草 斤,7325,1.0,349,56,https://www.zhihu.com/question/578673095/answer/1934297108678153461,05_现实家庭职场/1934297108678153461_578673095.txt,05_现实家庭职场/1934297108678153461_578673095.json,b174e43c3cc9ca0944838dc50c3cfc5c2ef80af4a16fb8b3d21d622de79e3938
05_现实家庭职场,高考|妈妈,3120469335,505185353,有没有一些短篇爽文？,行人,9946,1.0,317,159,https://www.zhihu.com/question/505185353/answer/3120469335,05_现实家庭职场/3120469335_505185353.txt,05_现实家庭职场/3120469335_505185353.json,80700cc2134fcfd57d9ee28b606fb72b67773e2ebe599999ee2a0f91031aff78
05_现实家庭职场,公司里|爸爸,1946241514394072477,654616919,有没有女主清醒果断，不拖泥带水的小说？,鹿遥知,9108,1.0,301,55,https://www.zhihu.com/question/654616919/answer/1946241514394072477,05_现实家庭职场/1946241514394072477_654616919.txt,05_现实家庭职场/1946241514394072477_654616919.json,d5caf0252f20f7699b4dc692ed8002ca490216faa633132bd4db98da16149f53
05_现实家庭职场,爸爸|妈妈,3369976568,318606911,哪一刻让你对家人失望？,见南山,5563,1.0,279,184,https://www.zhihu.com/question/318606911/answer/3369976568,05_现实家庭职场/3369976568_318606911.txt,05_现实家庭职场/3369976568_318606911.json,819b5a37ebe996a37d054747a6dd5cdff0497214993a8976e1fb2409757061fe
05_现实家庭职场,老师|家庭,3304657755,470456433,有什么好看的重生文？,八斤,6050,1.0,240,115,https://www.zhihu.com/question/470456433/answer/3304657755,05_现实家庭职场/3304657755_470456433.txt,05_现实家庭职场/3304657755_470456433.json,7ce2bd3d7d2b9532ecb623065a0dc0a8364425d6d17c13cbd9ee489a23194357
05_现实家庭职场,高考|父母,3428739840,646467845,2025 年哪些盐言故事让你拍手叫绝？,艳阳高照,5562,1.0,231,15,https://www.zhihu.com/question/646467845/answer/3428739840,05_现实家庭职场/3428739840_646467845.txt,05_现实家庭职场/3428739840_646467845.json,76fb3897235fd3de6311101ff8627e82dbdf575ebcb7ba063706e522d64c2079
05_现实家庭职场,高考|父母,3138349853,449494771,有哪些令人恐惧的民间传说？,猪猪舟,9596,1.0,217,23,https://www.zhihu.com/question/449494771/answer/3138349853,05_现实家庭职场/3138349853_449494771.txt,05_现实家庭职场/3138349853_449494771.json,2c8c3f3846e75c59733d7689aac56820548d51766ca58eb623520f34c2431c56
05_现实家庭职场,婆婆|小姑子,3588414786,658331858,你有看过特别爽的爽文吗？,都有,5335,1.0,217,124,https://www.zhihu.com/question/658331858/answer/3588414786,05_现实家庭职场/3588414786_658331858.txt,05_现实家庭职场/3588414786_658331858.json,cbb2fbfadf213b0324f6c5f7379e9d39477333f08ce008c786fad048b30039bd
05_现实家庭职场,爸爸|妈妈,3315767484,551587961,有没有那种女主清醒理智决绝的小说？,可爱又多金的猫,7210,1.0,214,149,https://www.zhihu.com/question/551587961/answer/3315767484,05_现实家庭职场/3315767484_551587961.txt,05_现实家庭职场/3315767484_551587961.json,8192ac080844d285f45f298875c243d87a5ecedf798ca54f641e5cbc59b2b111
05_现实家庭职场,领导|医生,2015467007458374535,48169282,有哪些情节多次反转的故事？,王大蜗蜗牛,8607,1.0,206,62,https://www.zhihu.com/question/48169282/answer/2015467007458374535,05_现实家庭职场/2015467007458374535_48169282.txt,05_现实家庭职场/2015467007458374535_48169282.json,0c754cdb5f07f0edb3c9ff6a2fcf47c308f0b9d97ac9e67009d6668774554d78
05_现实家庭职场,高考|爸爸,70490093995,662561780,有哪些拉扯感很强的小说？,司恬,8806,1.0,204,119,https://www.zhihu.com/question/662561780/answer/70490093995,05_现实家庭职场/70490093995_662561780.txt,05_现实家庭职场/70490093995_662561780.json,b0d3da8f84e58e84f8f8b10bccc8d33f4b88138541947d11d8c231395e5e806e
05_现实家庭职场,高考|父母,3567006792,361941865,人性到底有多么可怕？,月半隐隐,3851,1.0,198,171,https://www.zhihu.com/question/361941865/answer/3567006792,05_现实家庭职场/3567006792_361941865.txt,05_现实家庭职场/3567006792_361941865.json,d1def363891898a7de95a97fe1650c02d84d723ceb9171a2f68585d0dda04138
05_现实家庭职场,婆婆|小姑子,3436481730,551587961,有没有那种女主清醒理智决绝的小说？,何止,5548,1.0,153,28,https://www.zhihu.com/question/551587961/answer/3436481730,05_现实家庭职场/3436481730_551587961.txt,05_现实家庭职场/3436481730_551587961.json,317295a06bacb8d325baa47ad70a672e06ad37a99d2da27f51c83d251aaa9a05
05_现实家庭职场,教师|老师,3420474281,267757372,哪一个瞬间让你对一个人死心了？,见山忍,5240,1.0,153,102,https://www.zhihu.com/question/267757372/answer/3420474281,05_现实家庭职场/3420474281_267757372.txt,05_现实家庭职场/3420474281_267757372.json,cea7f4959e68f045de9f050d8c9533d68202130b01ef15be45f4bf28d808372a
05_现实家庭职场,家庭|婆婆,2270853955,428778729,有哪些看着很爽的复仇文？,小龙瞎,6329,1.0,146,62,https://www.zhihu.com/question/428778729/answer/2270853955,05_现实家庭职场/2270853955_428778729.txt,05_现实家庭职场/2270853955_428778729.json,ae1c351021261f5d7ebe4313833bc811da023259ef7d5990a9c8d3c93e9f174c
05_现实家庭职场,爸爸|妈妈,3527694511,652465583,有没有那种把烂牌打得很好的女主的盐选？,金狐狸,6091,1.0,137,8,https://www.zhihu.com/question/652465583/answer/3527694511,05_现实家庭职场/3527694511_652465583.txt,05_现实家庭职场/3527694511_652465583.json,1048e4c1e179c1f435d053ceb35f92b7cb7012870e5f1bfc7a92e88d23d05e47
05_现实家庭职场,爸爸|妈妈,49289784636,581328756,有没有不落俗套的真假千金文?,舒子木,5679,1.0,136,66,https://www.zhihu.com/question/581328756/answer/49289784636,05_现实家庭职场/49289784636_581328756.txt,05_现实家庭职场/49289784636_581328756.json,5ffa0fe046872de499d9c0ffb473e4ce3be21a544db485fc8787c692e4b99a69
05_现实家庭职场,婆婆|公公,3620607142,662187089,有没有什么复仇打脸的爽文？,学富五车的狮子,5122,1.0,125,16,https://www.zhihu.com/question/662187089/answer/3620607142,05_现实家庭职场/3620607142_662187089.txt,05_现实家庭职场/3620607142_662187089.json,c62cbe07ef76a59cdf9c662f9395b848276973b23800c79324114bfb6b3cd71f
05_现实家庭职场,婆婆|公公,107283451320,640334814,有没有好看的女主角很清醒的爽文?,偷喝汽水,5376,1.0,124,81,https://www.zhihu.com/question/640334814/answer/107283451320,05_现实家庭职场/107283451320_640334814.txt,05_现实家庭职场/107283451320_640334814.json,751868478b4a42a7ef74015a6d6be34beb9a328ee4ecb14898c8ed2199c8411d
05_现实家庭职场,老师|父母,3241326824,549301506,有没有好看的双向救赎文?,肉眼凡胎,5884,1.0,116,29,https://www.zhihu.com/question/549301506/answer/3241326824,05_现实家庭职场/3241326824_549301506.txt,05_现实家庭职场/3241326824_549301506.json,0a9095962e0dfa535a6e8254b663bc2a1a910ab7ff7d09fd0d2b64dbefc1dd33
05_现实家庭职场,老板|高考,1010342674,366060191,有没有真实的民间奇人异事？,猫猫说,5275,1.0,110,9,https://www.zhihu.com/question/366060191/answer/1010342674,05_现实家庭职场/1010342674_366060191.txt,05_现实家庭职场/1010342674_366060191.json,2106723ddbcf7f2728fd920d31bf54aefe98c2aa0000363b4cb3766ba3dcbba5
05_现实家庭职场,教师|老师,1918613187827302617,615352571,有没有那种沙雕又不落俗套的小说？,王二喵,6225,1.0,109,64,https://www.zhihu.com/question/615352571/answer/1918613187827302617,05_现实家庭职场/1918613187827302617_615352571.txt,05_现实家庭职场/1918613187827302617_615352571.json,d3cf9f244381e5b2e0a6d417c330c4537986dd769d4d7761a1e3b40fe544fa49
05_现实家庭职场,亲戚|婆婆,3288629202,361941865,人性到底有多么可怕？,明月雪,9032,1.0,108,0,https://www.zhihu.com/question/361941865/answer/3288629202,05_现实家庭职场/3288629202_361941865.txt,05_现实家庭职场/3288629202_361941865.json,1af17c01f1cd1a9a894db83b892ba08e98a32a7f39878c0eca66acdc9757f3b8
05_现实家庭职场,爸爸|妈妈,3160439593,556518551,有没有好看到忍不住的爽文小说？,呆桃的秘密花园,5987,1.0,103,26,https://www.zhihu.com/question/556518551/answer/3160439593,05_现实家庭职场/3160439593_556518551.txt,05_现实家庭职场/3160439593_556518551.json,63030159d37d86ac05170c090263a0c6b97f8aa66606a12442c4e7de6c855582
05_现实家庭职场,爸爸|妈妈,982403346,365513174,如何以「我穿越成了一个小妾（或通房丫头）」为题写一篇小说？,吃瓜网友,6341,1.0,101,94,https://www.zhihu.com/question/365513174/answer/982403346,05_现实家庭职场/982403346_365513174.txt,05_现实家庭职场/982403346_365513174.json,0246ddf2ff81c8da0a2240f7a56013670514d02d58772785402cdbcb34fc0620
05_现实家庭职场,婆婆|公公,42336074194,666010801,有没有女主理智清醒，从感情及时抽身的文？,小手读书,8217,0.99,181,23,https://www.zhihu.com/question/666010801/answer/42336074194,05_现实家庭职场/42336074194_666010801.txt,05_现实家庭职场/42336074194_666010801.json,622fcc7bc9ffb65a58aeade6fe6c4b8bf56f0014c844cd71b77fbba388e18df8
05_现实家庭职场,爸爸|妈妈,67468087390,332411777,你看过最爽的爽文有多爽？,扬州慢,5134,0.99,124,55,https://www.zhihu.com/question/332411777/answer/67468087390,05_现实家庭职场/67468087390_332411777.txt,05_现实家庭职场/67468087390_332411777.json,0ab58f3a31f2f3a7d3543af7173d5d2492067dd2638e96783659a59125f0bbec
05_现实家庭职场,高考|老师,2578078099,530396304,有没有甜到掉渣的睡前小短文?,宛宛,5464,0.98,2191,3356,https://www.zhihu.com/question/530396304/answer/2578078099,05_现实家庭职场/2578078099_530396304.txt,05_现实家庭职场/2578078099_530396304.json,21ad5f9aa8a12cfd3142072781029cdd76f6d4aef20d8f6ae17f576a77f4f632
05_现实家庭职场,爸爸|妈妈,3212321636,52337404,有哪些令人毛骨悚然的脑洞故事？,吃西瓜没有籽,5077,0.98,683,169,https://www.zhihu.com/question/52337404/answer/3212321636,05_现实家庭职场/3212321636_52337404.txt,05_现实家庭职场/3212321636_52337404.json,8642f4f4d8d4dd1972a43b4aa5531ca079bf6fa56113018e8579792149f7307e
05_现实家庭职场,家庭|爸爸,2906697443,477559361,有没有理智一点的女主啊，不会为了男人要死要活的那种？,咖啡杯里的茶,9757,0.98,148,146,https://www.zhihu.com/question/477559361/answer/2906697443,05_现实家庭职场/2906697443_477559361.txt,05_现实家庭职场/2906697443_477559361.json,2cfd1badbb68db252047a4d3f49db288c2c7e46253a2cfd152f5009ce5400944
05_现实家庭职场,教师|老师,2723021458,296449535,你有没有孩子或亲人被拐卖的经历？,一瞬永恒,6288,0.98,148,84,https://www.zhihu.com/question/296449535/answer/2723021458,05_现实家庭职场/2723021458_296449535.txt,05_现实家庭职场/2723021458_296449535.json,ad424686528d818e20512a48e30f68b1e7d42c6ee1123fdf3606262b89e3d8b0
05_现实家庭职场,老板|爸爸,2812810006,510298010,有没有穿书成恶毒女配最后和男主在一起的文啊?(最好完结哈)？,戌染,5641,0.97,1111,1065,https://www.zhihu.com/question/510298010/answer/2812810006,05_现实家庭职场/2812810006_510298010.txt,05_现实家庭职场/2812810006_510298010.json,12d81378295ab06ce6651c54f022647ea9286573f2edc0198193d9c1b30bb5c3
05_现实家庭职场,婆婆|公公,3467623104,641302755,有没有好看的短篇故事？,怪八,9652,0.97,218,12,https://www.zhihu.com/question/641302755/answer/3467623104,05_现实家庭职场/3467623104_641302755.txt,05_现实家庭职场/3467623104_641302755.json,077d49a2cc43c03337b7911c6b51ee7af42e9addc5af5b7101d15e792f1ce921
05_现实家庭职场,高考|教师,840055538,319923069,你在高中时听说过/做过什么轰动全校的事？,酷酷的长颈鹿,6149,0.95,72017,31700,https://www.zhihu.com/question/319923069/answer/840055538,05_现实家庭职场/840055538_319923069.txt,05_现实家庭职场/840055538_319923069.json,0d49eced818b9e156cc45a64ac3297fb606b77e04a51239ff35473dfd082d68c
05_现实家庭职场,医生|父母,2517213254,26982970,哪些事情永久地改变了你？,小麦穗,5942,0.95,52442,19165,https://www.zhihu.com/question/26982970/answer/2517213254,05_现实家庭职场/2517213254_26982970.txt,05_现实家庭职场/2517213254_26982970.json,97f9073b5fa2b06a2eb45716b0281e956383ff20fd98305ee58104469b7279df
05_现实家庭职场,老板|老师,3451867597,571919527,有没有好看不无脑的大女主爽文？,甜呱,9944,0.95,37363,13210,https://www.zhihu.com/question/571919527/answer/3451867597,05_现实家庭职场/3451867597_571919527.txt,05_现实家庭职场/3451867597_571919527.json,2689c0ca816778252d9a6c9da267a4b1ec499a2019b92ff008d64d9d70f2125c
